"","year","species","climate","pStillUp","pStillD","pPiscUp","timing","upstream","downstream","downstream_juv","inriverF","commercialF","bycatchF","indirect","latent","N_pu1A2A","N_pu3A","N_pu4A","N_pu5A","N_pu1B","N_pu2B","N_pu3B","N_pu4B","populationSize"
"1",40,"shad","current",0.0911192413029909,0.0911192413029909,0.216308462165654,1,0.2,0.7,0.95,0,0,0,1,1,53000,164000,188000,225000,81000,0,15000,16000,742000
"2",40,"shad","current",0.0992874698544107,0.0992874698544107,0.319409238350589,1,0,0.5,0.95,0,0,0,1,1,128000,7000,0,0,0,0,0,0,135000
"3",40,"shad","current",0.120061682905046,0.120061682905046,0.20629200967438,1,0.6,0.8,0.95,0,0,0,1,1,10000,30000,140000,710000,40000,0,0,2e+05,1130000
"4",40,"shad","current",0.12696632251422,0.12696632251422,0.188033586132647,1,0.8,0.6,1,0,0,0,1,1,1000,35000,98000,559000,44000,0,12000,125000,874000
"5",40,"shad","current",0.122116434858213,0.122116434858213,0.254654815990985,1,0.2,0.7,0.9,0,0,0,1,1,32000,139000,166000,274000,107000,0,20000,28000,766000
"6",40,"shad","current",0.109134776170546,0.109134776170546,0.228976582943413,1,0.6,1,0.95,0,0,0,1,1,10000,10000,110000,1060000,40000,0,10000,320000,1560000
"7",40,"shad","current",0.064131351162875,0.064131351162875,0.222040286625706,1,0.9,0.8,0.9,0,0,0,1,1,9000,39000,119000,353000,39000,1000,6000,80000,646000
"8",40,"shad","current",0.104882120718386,0.104882120718386,0.263694663198536,1,0.6,0.9,1,0,0,0,1,1,10000,1e+05,120000,7e+05,1e+05,0,20000,240000,1290000
"9",40,"shad","current",0.0926807471651107,0.0926807471651107,0.189303195697457,1,0.1,0.8,0.95,0,0,0,1,1,143000,252000,148000,63000,39000,0,4000,1000,650000
"10",40,"shad","current",0.106734144329703,0.106734144329703,0.225674147621287,1,0.7,0.7,0.9,0,0,0,1,1,5000,30000,89000,399000,28000,0,4000,87000,642000
"11",40,"shad","current",0.0712796615904945,0.0712796615904945,0.235026882114023,1,0.7,0.5,0.9,0,0,0,1,1,1000,18000,60000,367000,26000,0,5000,97000,574000
"12",40,"shad","current",0.14403104687543,0.14403104687543,0.189347641164851,1,0.5,0.6,0.9,0,0,0,1,1,11000,55000,123000,353000,48000,0,14000,80000,684000
"13",40,"shad","current",0.0838573974075923,0.0838573974075923,0.227777046108833,1,0.5,0.6,1,0,0,0,1,1,3000,29000,88000,453000,34000,0,14000,99000,720000
"14",40,"shad","current",0.101619751392882,0.101619751392882,0.26061608986579,1,0.4,0.6,0.95,0,0,0,1,1,1000,52000,128000,549000,71000,0,22000,164000,987000
"15",40,"shad","current",0.113987016925789,0.113987016925789,0.162936224408115,1,0.9,0.7,1,0,0,0,1,1,8000,50000,117000,575000,30000,1000,3000,108000,892000
"16",40,"shad","current",0.0722664374239879,0.0722664374239879,0.381338313990095,1,0.8,0.8,1,0,0,0,1,1,30000,230000,150000,3e+05,170000,10000,30000,110000,1030000
"17",40,"shad","current",0.0885862228153594,0.0885862228153594,0.239196681907637,1,0.8,1,1,0,0,0,1,1,10000,50000,350000,1040000,1e+05,0,10000,310000,1870000
"18",40,"shad","current",0.125173959052706,0.125173959052706,0.296664207147179,1,0.5,0.8,1,0,0,0,1,1,20000,110000,1e+05,480000,80000,0,30000,150000,970000
"19",40,"shad","current",0.106864330605488,0.106864330605488,0.23742996236721,1,0.6,0.8,0.9,0,0,0,1,1,2000,23000,78000,561000,38000,0,8000,149000,859000
"20",40,"shad","current",0.121376610272337,0.121376610272337,0.220618483279233,1,0.6,1,1,0,0,0,1,1,10000,1e+05,210000,1100000,80000,0,20000,230000,1750000
"21",40,"shad","current",0.139347855207414,0.139347855207414,0.278678238009869,1,0.5,0.8,0.9,0,0,0,1,1,1000,23000,53000,429000,54000,0,15000,123000,698000
"22",40,"shad","current",0.107602352257204,0.107602352257204,0.257601046398939,1,0,1,1,0,0,0,1,1,95000,18000,0,0,0,0,0,0,113000
"23",40,"shad","current",0.127086803998378,0.127086803998378,0.251513821940471,1,0.4,0.6,1,0,0,0,1,1,30000,120000,150000,490000,80000,0,20000,120000,1010000
"24",40,"shad","current",0.0879553111982651,0.0879553111982651,0.198143434373457,1,0.2,0.9,1,0,0,0,1,1,170000,320000,340000,320000,160000,0,20000,10000,1340000
"25",40,"shad","current",0.0787319791890007,0.0787319791890007,0.241726290648412,1,0.4,0.9,1,0,0,0,1,1,1e+05,320000,370000,430000,1e+05,0,20000,70000,1410000
"26",40,"shad","current",0.0915386288466109,0.0915386288466109,0.259470791801998,1,0.3,0.9,1,0,0,0,1,1,120000,2e+05,330000,210000,130000,0,20000,0,1010000
"27",40,"shad","current",0.0934483507371905,0.0934483507371905,0.294000643290349,1,0.6,1,0.95,0,0,0,1,1,50000,1e+05,170000,6e+05,110000,0,10000,130000,1170000
"28",40,"shad","current",0.0550257561893479,0.0550257561893479,0.296641699398235,1,0.3,0.5,1,0,0,0,1,1,9000,69000,158000,388000,97000,0,28000,86000,835000
"29",40,"shad","current",0.0793791798167254,0.0793791798167254,0.272177573140562,1,0.6,0.5,1,0,0,0,1,1,2000,27000,102000,487000,46000,0,15000,163000,842000
"30",40,"shad","current",0.0882444497337744,0.0882444497337744,0.171596094038353,1,0.8,0.5,0.9,0,0,0,1,1,6000,24000,41000,334000,11000,0,3000,59000,478000
"31",40,"shad","current",0.133406555064768,0.133406555064768,0.297518633084565,1,0.5,0.5,0.9,0,0,0,1,1,2000,28000,71000,361000,46000,0,13000,115000,636000
"32",40,"shad","current",0.126057116054679,0.126057116054679,0.248563715065859,1,0.4,0.6,1,0,0,0,1,1,20000,130000,250000,440000,90000,0,40000,80000,1050000
"33",40,"shad","current",0.145252520806619,0.145252520806619,0.303919351371666,1,0.6,0.8,1,0,0,0,1,1,40000,240000,310000,320000,110000,0,20000,140000,1180000
"34",40,"shad","current",0.0992162749832952,0.0992162749832952,0.278913332755212,1,0.5,1,0.95,0,0,0,1,1,120000,2e+05,2e+05,330000,90000,0,30000,60000,1030000
"35",40,"shad","current",0.0693277189174877,0.0693277189174877,0.28391935966721,1,0.2,0.7,0.95,0,0,0,1,1,160000,410000,180000,1e+05,160000,0,10000,10000,1030000
"36",40,"shad","current",0.115342678683224,0.115342678683224,0.251842727859456,1,1,0.5,0.95,0,0,0,1,1,4000,37000,82000,439000,35000,4000,7000,132000,740000
"37",40,"shad","current",0.10910004523616,0.10910004523616,0.252403507238455,1,0.4,1,0.9,0,0,0,1,1,30000,180000,210000,4e+05,120000,0,60000,120000,1120000
"38",40,"shad","current",0.132934730761504,0.132934730761504,0.199911706819919,1,0.4,1,0.9,0,0,0,1,1,2000,36000,136000,611000,58000,0,10000,128000,981000
"39",40,"shad","current",0.0808100672027109,0.0808100672027109,0.206702643440622,1,0.6,0.7,0.9,0,0,0,1,1,7000,50000,120000,419000,42000,0,6000,88000,732000
"40",40,"shad","current",0.0854347076620851,0.0854347076620851,0.286197669774215,1,0.4,0.6,0.95,0,0,0,1,1,3000,52000,119000,495000,76000,0,27000,157000,929000
"41",40,"shad","current",0.0839303413395216,0.0839303413395216,0.197653384288749,1,0.3,1,1,0,0,0,1,1,50000,290000,450000,560000,130000,0,40000,50000,1570000
"42",40,"shad","current",0.131747511254542,0.131747511254542,0.185809579138763,1,0.3,0.6,1,0,0,0,1,1,23000,124000,214000,475000,66000,0,23000,48000,973000
"43",40,"shad","current",0.124444579835734,0.124444579835734,0.221651670245424,1,0.2,1,1,0,0,0,1,1,310000,340000,290000,80000,60000,0,0,10000,1090000
"44",40,"shad","current",0.0799987613700845,0.0799987613700845,0.194323529446718,1,0,0.5,0.95,0,0,0,1,1,106000,8000,0,0,0,0,0,0,114000
"45",40,"shad","current",0.116797308739093,0.116797308739093,0.200308167167618,1,0.1,0.6,0.95,0,0,0,1,1,81000,187000,140000,69000,48000,0,2000,3000,530000
"46",40,"shad","current",0.0999650165837895,0.0999650165837895,0.266848749161561,1,0.7,0.7,1,0,0,0,1,1,2000,32000,90000,559000,54000,0,11000,173000,921000
"47",40,"shad","current",0.179010488400396,0.179010488400396,0.205216207974034,1,0.1,0.8,1,0,0,0,1,1,142000,309000,2e+05,106000,56000,0,5000,1000,819000
"48",40,"shad","current",0.100814754936975,0.100814754936975,0.267414022960146,1,0.3,0.5,1,0,0,0,1,1,9000,59000,167000,497000,85000,0,25000,125000,967000
"49",40,"shad","current",0.0869061001123591,0.0869061001123591,0.318718326566974,1,1,1,0.9,0,0,0,1,1,30000,30000,130000,570000,80000,0,30000,170000,1040000
"50",40,"shad","current",0.172898545770443,0.172898545770443,0.224666779864884,1,0.8,1,1,0,0,0,1,1,40000,1e+05,240000,1110000,70000,10000,20000,210000,1800000
"51",40,"shad","current",0.105071930901348,0.105071930901348,0.309117694004797,1,0.8,0.9,0.9,0,0,0,1,1,2000,32000,74000,467000,40000,1000,2000,175000,793000
"52",40,"shad","current",0.0590423876083792,0.0590423876083792,0.242381838129047,1,0.6,1,0.9,0,0,0,1,1,20000,60000,1e+05,640000,20000,0,60000,160000,1060000
"53",40,"shad","current",0.100960862641851,0.100960862641851,0.241937727282073,1,0,1,1,0,0,0,1,1,125000,16000,0,0,0,0,0,0,141000
"54",40,"shad","current",0.146663371253374,0.146663371253374,0.197916468276477,1,0.9,0.8,0.95,0,0,0,1,1,2000,9000,46000,584000,19000,0,7000,154000,821000
"55",40,"shad","current",0.0608659447160778,0.0608659447160778,0.313817918182403,1,0.8,0.7,1,0,0,0,1,1,1000,14000,55000,614000,45000,0,14000,245000,988000
"56",40,"shad","current",0.0813379015399108,0.0813379015399108,0.243581295777196,1,1,0.6,0.95,0,0,0,1,1,4000,26000,106000,489000,37000,1000,7000,131000,801000
"57",40,"shad","current",0.077364340425255,0.077364340425255,0.247107710776531,1,0,0.8,1,0,0,0,1,1,98100,6900,0,0,0,0,0,0,105000
"58",40,"shad","current",0.0848225159782811,0.0848225159782811,0.208451383660972,1,0.7,0.8,1,0,0,0,1,1,30000,110000,210000,860000,70000,0,30000,1e+05,1410000
"59",40,"shad","current",0.11179669046781,0.11179669046781,0.26150963131101,1,0.8,0.7,0.9,0,0,0,1,1,11000,35000,57000,313000,42000,0,12000,97000,567000
"60",40,"shad","current",0.14969395057311,0.14969395057311,0.319706478560086,1,0.9,0.8,1,0,0,0,1,1,10000,0,40000,9e+05,30000,10000,10000,280000,1280000
"61",40,"shad","current",0.139939847292507,0.139939847292507,0.242783587250097,1,0.2,0.6,0.9,0,0,0,1,1,52000,212000,166000,173000,78000,0,13000,17000,711000
"62",40,"shad","current",0.13982350424807,0.13982350424807,0.271941705167012,1,0.8,1,1,0,0,0,1,1,30000,130000,190000,880000,110000,0,70000,210000,1620000
"63",40,"shad","current",0.127461079435663,0.127461079435663,0.251684000813625,1,1,0.7,0.9,0,0,0,1,1,4000,17000,67000,402000,26000,1000,7000,125000,649000
"64",40,"shad","current",0.135546411588597,0.135546411588597,0.157705418437148,1,0.3,1,0.95,0,0,0,1,1,110000,210000,310000,350000,120000,0,10000,20000,1130000
"65",40,"shad","current",0.077269064300265,0.077269064300265,0.210128858816857,1,0.7,0.9,0.9,0,0,0,1,1,2000,18000,84000,587000,23000,1000,13000,142000,870000
"66",40,"shad","current",0.164353433910097,0.164353433910097,0.309158174701282,1,0.7,0.8,0.9,0,0,0,1,1,4000,21000,48000,435000,33000,2000,8000,172000,723000
"67",40,"shad","current",0.141476210152336,0.141476210152336,0.226191521828984,1,0.1,0.6,1,0,0,0,1,1,180000,248000,108000,32000,48000,0,2000,1000,619000
"68",40,"shad","current",0.0889756000111913,0.0889756000111913,0.302877974784101,1,0.6,0.6,0.9,0,0,0,1,1,1000,9000,50000,286000,36000,0,10000,89000,481000
"69",40,"shad","current",0.0710120261763632,0.0710120261763632,0.338406347100172,1,0.9,0.9,1,0,0,0,1,1,10000,60000,140000,670000,170000,0,30000,330000,1410000
"70",40,"shad","current",0.087971204719782,0.087971204719782,0.27500240418891,1,0.1,1,0.95,0,0,0,1,1,179000,279000,181000,102000,88000,0,11000,3000,843000
"71",40,"shad","current",0.175475897092213,0.175475897092213,0.199419553958926,1,0.6,0.5,1,0,0,0,1,1,2000,11000,65000,639000,25000,0,9000,137000,888000
"72",40,"shad","current",0.123776300038433,0.123776300038433,0.302026979711113,1,0,0.6,0.9,0,0,0,1,1,93600,10700,0,0,0,0,0,0,104300
"73",40,"shad","current",0.0847760285378193,0.0847760285378193,0.222636996630016,1,0.1,0.8,0.95,0,0,0,1,1,158000,254000,144000,59000,51000,0,0,1000,667000
"74",40,"shad","current",0.0962723263127788,0.0962723263127788,0.26979400245208,1,0.4,0.9,0.95,0,0,0,1,1,20000,40000,90000,7e+05,50000,0,30000,150000,1080000
"75",40,"shad","current",0.125667125232733,0.125667125232733,0.183084320423926,1,0.8,0.6,1,0,0,0,1,1,10000,0,60000,7e+05,30000,0,10000,2e+05,1010000
"76",40,"shad","current",0.179521620589125,0.179521620589125,0.266840814525211,1,0.9,0.6,1,0,0,0,1,1,2000,8000,41000,586000,33000,1000,9000,182000,862000
"77",40,"shad","current",0.103491925630038,0.103491925630038,0.204359590967309,1,0.2,0.8,0.9,0,0,0,1,1,47000,153000,208000,305000,74000,0,22000,32000,841000
"78",40,"shad","current",0.123653588295721,0.123653588295721,0.219552231677144,1,0.7,0.5,0.9,0,0,0,1,1,5000,14000,54000,368000,29000,1000,4000,107000,582000
"79",40,"shad","current",0.10269206890061,0.10269206890061,0.281743452814363,1,0.5,0.6,0.95,0,0,0,1,1,1000,15000,58000,445000,23000,0,20000,184000,746000
"80",40,"shad","current",0.148468425930936,0.148468425930936,0.209881702465622,1,0.2,0.7,1,0,0,0,1,1,43000,182000,270000,307000,104000,0,20000,21000,947000
"81",40,"shad","current",0.122011990036086,0.122011990036086,0.306536098078743,1,0.9,0.7,0.9,0,0,0,1,1,1000,15000,41000,393000,29000,1000,6000,147000,633000
"82",40,"shad","current",0.0915762047255004,0.0915762047255004,0.291223157089285,1,0.5,0.5,0.95,0,0,0,1,1,2000,18000,58000,524000,39000,0,13000,178000,832000
"83",40,"shad","current",0.1663571378175,0.1663571378175,0.261720126687118,1,0.5,0.6,0.95,0,0,0,1,1,3000,21000,80000,425000,41000,0,15000,141000,726000
"84",40,"shad","current",0.11960174032251,0.11960174032251,0.236073182761603,1,1,0.9,0.95,0,0,0,1,1,3000,22000,88000,604000,32000,2000,13000,161000,925000
"85",40,"shad","current",0.110702640680163,0.110702640680163,0.233781932259649,1,1,1,1,0,0,0,1,1,10000,30000,150000,1240000,20000,10000,10000,330000,1800000
"86",40,"shad","current",0.119914224277395,0.119914224277395,0.226272456827903,1,0.6,1,1,0,0,0,1,1,50000,230000,370000,610000,140000,0,0,80000,1480000
"87",40,"shad","current",0.125308410869167,0.125308410869167,0.267776433072839,1,0.6,1,0.9,0,0,0,1,1,10000,20000,120000,630000,90000,0,20000,240000,1130000
"88",40,"shad","current",0.105273986093389,0.105273986093389,0.149067122814627,1,0.2,0.9,0.9,0,0,0,1,1,143000,343000,253000,142000,60000,0,8000,5000,954000
"89",40,"shad","current",0.118923310167773,0.118923310167773,0.320268482011191,1,0.2,0.9,0.95,0,0,0,1,1,37000,157000,167000,265000,126000,0,24000,37000,813000
"90",40,"shad","current",0.0888562641322954,0.0888562641322954,0.221467769286179,1,1,0.5,1,0,0,0,1,1,1000,14000,55000,611000,17000,4000,4000,154000,860000
"91",40,"shad","current",0.109003167543063,0.109003167543063,0.272412004405421,1,0.5,0.7,1,0,0,0,1,1,70000,350000,250000,260000,80000,0,10000,50000,1070000
"92",40,"shad","current",0.0994043422168649,0.0994043422168649,0.222174349224266,1,0.1,0.9,0.9,0,0,0,1,1,129000,199000,109000,67000,42000,0,5000,1000,552000
"93",40,"shad","current",0.118871093592337,0.118871093592337,0.289075970941594,1,0,1,1,0,0,0,1,1,127000,14000,0,0,0,0,0,0,141000
"94",40,"shad","current",0.096049553671232,0.096049553671232,0.238802754566927,1,0,0.6,1,0,0,0,1,1,127000,7000,0,0,0,0,0,0,134000
"95",40,"shad","current",0.14581354928357,0.14581354928357,0.26445841633596,1,0,0.8,0.95,0,0,0,1,1,143000,24000,0,0,0,0,0,0,167000
"96",40,"shad","current",0.1288516930809,0.1288516930809,0.348945760260629,1,0.4,0.9,0.95,0,0,0,1,1,1000,35000,96000,442000,92000,1000,29000,186000,882000
"97",40,"shad","current",0.0711755194305656,0.0711755194305656,0.210210734155743,1,0.8,0.6,0.9,0,0,0,1,1,1000,11000,46000,367000,19000,2000,6000,101000,553000
"98",40,"shad","current",0.101824328413942,0.101824328413942,0.246555467004223,1,0.3,0.7,1,0,0,0,1,1,8000,79000,136000,397000,86000,0,19000,73000,798000
"99",40,"shad","current",0.118203494508168,0.118203494508168,0.222359094617499,1,0.9,0.5,0.95,0,0,0,1,1,2000,12000,57000,467000,24000,1000,9000,129000,701000
"100",40,"shad","current",0.124817203499856,0.124817203499856,0.200156415917202,1,0,0.9,1,0,0,0,1,1,176000,20000,0,0,0,0,0,0,196000
"101",40,"shad","current",0.17741466802357,0.17741466802357,0.25600197211884,1,0.6,0.8,1,0,0,0,1,1,30000,140000,160000,530000,190000,0,30000,150000,1230000
"102",40,"shad","current",0.105752357735915,0.105752357735915,0.200126432557987,1,0.1,0.7,0.95,0,0,0,1,1,125000,225000,115000,58000,46000,0,4000,1000,574000
"103",40,"shad","current",0.135212450769745,0.135212450769745,0.214643639842562,1,0.6,1,1,0,0,0,1,1,30000,60000,160000,760000,1e+05,0,70000,220000,1400000
"104",40,"shad","current",0.115836224140136,0.115836224140136,0.289352750164632,1,0,0.9,0.95,0,0,0,1,1,90000,12000,0,0,0,0,0,0,102000
"105",40,"shad","current",0.119546826182786,0.119546826182786,0.258396291260104,1,0.2,0.6,0.9,0,0,0,1,1,67000,203000,196000,148000,98000,0,20000,14000,746000
"106",40,"shad","current",0.108188447446183,0.108188447446183,0.231160294038435,1,0.7,0.8,0.95,0,0,0,1,1,3000,26000,93000,612000,34000,0,6000,153000,927000
"107",40,"shad","current",0.140909320278946,0.140909320278946,0.342972280590038,1,0.6,0.9,1,0,0,0,1,1,90000,3e+05,210000,270000,260000,0,20000,90000,1240000
"108",40,"shad","current",0.132637619170276,0.132637619170276,0.254296660933188,1,0.4,0.8,1,0,0,0,1,1,30000,120000,220000,450000,120000,0,0,90000,1030000
"109",40,"shad","current",0.122001644032934,0.122001644032934,0.333191722128061,1,0.7,0.9,0.95,0,0,0,1,1,20000,130000,50000,590000,120000,0,20000,3e+05,1230000
"110",40,"shad","current",0.141493092807866,0.141493092807866,0.234761938941643,1,0,0.7,0.9,0,0,0,1,1,106000,15000,0,0,0,0,0,0,121000
"111",40,"shad","current",0.171970572002126,0.171970572002126,0.221660936578717,1,0.5,0.9,1,0,0,0,1,1,70000,120000,190000,6e+05,120000,0,30000,60000,1190000
"112",40,"shad","current",0.112558889575495,0.112558889575495,0.176954346645772,1,0.8,0.6,0.9,0,0,0,1,1,4000,23000,56000,398000,21000,0,6000,94000,602000
"113",40,"shad","current",0.164314340749847,0.164314340749847,0.19124300086355,1,1,0.6,1,0,0,0,1,1,3000,34000,81000,552000,29000,1000,2000,125000,827000
"114",40,"shad","current",0.145530556046995,0.145530556046995,0.174134098686672,1,0.2,0.9,0.9,0,0,0,1,1,37000,135000,218000,325000,66000,0,21000,17000,819000
"115",40,"shad","current",0.101455448768854,0.101455448768854,0.243966083393232,1,0.5,0.7,1,0,0,0,1,1,40000,110000,250000,460000,1e+05,0,40000,60000,1060000
"116",40,"shad","current",0.0985534611611621,0.0985534611611621,0.227789106793407,1,0.8,0.6,0.95,0,0,0,1,1,2000,8000,53000,508000,23000,1000,8000,152000,755000
"117",40,"shad","current",0.0902129003329418,0.0902129003329418,0.180635340861449,1,0.7,0.7,0.95,0,0,0,1,1,2000,20000,67000,489000,19000,0,10000,88000,695000
"118",40,"shad","current",0.131171892267824,0.131171892267824,0.247203905403331,1,1,0.6,1,0,0,0,1,1,10000,40000,80000,640000,30000,0,0,2e+05,1e+06
"119",40,"shad","current",0.119004825061828,0.119004825061828,0.284358234244522,1,1,0.9,0.9,0,0,0,1,1,3000,13000,49000,475000,13000,1000,6000,147000,707000
"120",40,"shad","current",0.104960192839779,0.104960192839779,0.320667246597048,1,0.4,1,0.9,0,0,0,1,1,60000,170000,2e+05,290000,170000,0,50000,40000,980000
"121",40,"shad","current",0.113446898145123,0.113446898145123,0.222220164840901,1,0.4,0.7,1,0,0,0,1,1,20000,280000,230000,450000,90000,0,30000,80000,1180000
"122",40,"shad","current",0.142959548105156,0.142959548105156,0.20362998533947,1,0.8,1,0.9,0,0,0,1,1,10000,70000,220000,690000,80000,0,30000,180000,1280000
"123",40,"shad","current",0.0914427647494378,0.0914427647494378,0.301235807278204,1,0.5,0.8,1,0,0,0,1,1,10000,80000,120000,460000,90000,10000,50000,180000,1e+06
"124",40,"shad","current",0.108570467802523,0.108570467802523,0.231868452142983,1,0.1,0.5,1,0,0,0,1,1,210000,285000,110000,45000,46000,0,0,0,696000
"125",40,"shad","current",0.124824012669731,0.124824012669731,0.250037354530199,1,0.8,0.6,0.9,0,0,0,1,1,3000,38000,65000,274000,24000,0,6000,72000,482000
"126",40,"shad","current",0.0724427467556872,0.0724427467556872,0.229392069633398,1,1,0.6,1,0,0,0,1,1,2000,16000,51000,535000,23000,2000,5000,138000,772000
"127",40,"shad","current",0.120833772230455,0.120833772230455,0.198540794842947,1,1,0.8,0.9,0,0,0,1,1,1000,17000,60000,487000,14000,1000,9000,96000,685000
"128",40,"shad","current",0.0972979770361159,0.0972979770361159,0.266649145623177,1,0,0.8,0.95,0,0,0,1,1,110000,6000,0,0,0,0,0,0,116000
"129",40,"shad","current",0.104122264169096,0.104122264169096,0.307438586826368,1,0.7,0.6,0.95,0,0,0,1,1,3000,51000,93000,472000,73000,1000,22000,164000,879000
"130",40,"shad","current",0.150195313696252,0.150195313696252,0.268029680730764,1,0.9,0.7,0.95,0,0,0,1,1,1000,13000,54000,558000,38000,2000,6000,220000,892000
"131",40,"shad","current",0.0792106593257503,0.0792106593257503,0.266973700133788,1,0.2,0.5,0.95,0,0,0,1,1,29000,138000,164000,210000,92000,0,26000,30000,689000
"132",40,"shad","current",0.12124283034324,0.12124283034324,0.284420503908277,1,0.4,0.5,0.95,0,0,0,1,1,3000,35000,94000,421000,60000,0,26000,114000,753000
"133",40,"shad","current",0.103556025808171,0.103556025808171,0.245732080864925,1,0.1,0.7,1,0,0,0,1,1,110000,228000,103000,79000,60000,0,6000,3000,589000
"134",40,"shad","current",0.144066470294639,0.144066470294639,0.238402999213889,1,0.4,0.5,0.95,0,0,0,1,1,12000,79000,172000,456000,85000,0,23000,86000,913000
"135",40,"shad","current",0.073534350214318,0.073534350214318,0.239862206715795,1,0.5,1,0.95,0,0,0,1,1,30000,240000,370000,410000,150000,10000,20000,80000,1310000
"136",40,"shad","current",0.141394963128787,0.141394963128787,0.211451150183221,1,0.8,0.5,0.9,0,0,0,1,1,1000,14000,50000,302000,16000,0,4000,57000,444000
"137",40,"shad","current",0.119165466622869,0.119165466622869,0.202674506154712,1,0.9,1,0.9,0,0,0,1,1,10000,30000,150000,640000,30000,0,10000,120000,990000
"138",40,"shad","current",0.139840137805627,0.139840137805627,0.288633826663294,1,0.9,0.7,0.9,0,0,0,1,1,0,26000,61000,308000,36000,1000,12000,99000,543000
"139",40,"shad","current",0.152046622766778,0.152046622766778,0.334817980722635,1,0.2,0.7,1,0,0,0,1,1,27000,113000,196000,349000,142000,0,48000,90000,965000
"140",40,"shad","current",0.0790404813465618,0.0790404813465618,0.2410469288397,1,0.8,0.6,0.95,0,0,0,1,1,1000,22000,62000,422000,21000,1000,7000,1e+05,636000
"141",40,"shad","current",0.127993945071915,0.127993945071915,0.251762435180749,1,0.9,1,0.95,0,0,0,1,1,10000,80000,250000,8e+05,1e+05,0,10000,360000,1610000
"142",40,"shad","current",0.0802211406572859,0.0802211406572859,0.269641158819207,1,0.3,0.7,1,0,0,0,1,1,110000,340000,280000,180000,170000,0,10000,20000,1110000
"143",40,"shad","current",0.112350995850545,0.112350995850545,0.220796339563937,1,0.4,0.5,1,0,0,0,1,1,30000,150000,260000,350000,90000,0,30000,60000,970000
"144",40,"shad","current",0.0948577237599011,0.0948577237599011,0.302029441579021,1,0.7,0.7,1,0,0,0,1,1,30000,90000,150000,580000,50000,0,30000,190000,1120000
"145",40,"shad","current",0.0925245019827378,0.0925245019827378,0.309317180712784,1,1,0.7,0.95,0,0,0,1,1,1000,9000,30000,388000,25000,2000,4000,163000,622000
"146",40,"shad","current",0.116720897251536,0.116720897251536,0.227076760104499,1,0.7,0.5,0.9,0,0,0,1,1,2000,14000,55000,388000,21000,0,5000,91000,576000
"147",40,"shad","current",0.123493479297179,0.123493479297179,0.21453513102503,1,0.8,0.7,1,0,0,0,1,1,7000,27000,92000,594000,29000,1000,9000,181000,940000
"148",40,"shad","current",0.106504402435282,0.106504402435282,0.207076729052776,1,0.5,0.5,0.9,0,0,0,1,1,1000,19000,48000,477000,27000,0,4000,82000,658000
"149",40,"shad","current",0.083187149032803,0.083187149032803,0.274549686551959,1,0.7,0.5,1,0,0,0,1,1,5000,25000,89000,492000,57000,2000,16000,162000,848000
"150",40,"shad","current",0.105165016532225,0.105165016532225,0.256498287870828,1,0,0.6,0.9,0,0,0,1,1,119000,14000,0,0,0,0,0,0,133000
"151",40,"shad","current",0.0971369083038345,0.0971369083038345,0.290995325372798,1,0.7,0.9,0.9,0,0,0,1,1,5000,50000,128000,531000,77000,0,18000,166000,975000
"152",40,"shad","current",0.128786697759818,0.128786697759818,0.311254030890756,1,1,0.8,0.95,0,0,0,1,1,2000,35000,101000,491000,54000,3000,8000,210000,904000
"153",40,"shad","current",0.119536588013091,0.119536588013091,0.294893704890344,1,0.8,0.8,0.9,0,0,0,1,1,2000,8000,28000,387000,25000,1000,3000,153000,607000
"154",40,"shad","current",0.184612146758187,0.184612146758187,0.315985295075997,1,1,0.8,1,0,0,0,1,1,10000,10000,110000,830000,70000,0,0,350000,1380000
"155",40,"shad","current",0.0977064120546522,0.0977064120546522,0.252956503515771,1,0.1,0.5,0.9,0,0,0,1,1,88000,170000,123000,62000,47000,0,7000,1000,498000
"156",40,"shad","current",0.134840785684562,0.134840785684562,0.257937785600864,1,0,0.9,0.9,0,0,0,1,1,102000,14000,0,0,0,0,0,0,116000
"157",40,"shad","current",0.116457013031279,0.116457013031279,0.191365418496565,1,0,1,0.9,0,0,0,1,1,145000,14000,0,0,0,0,0,0,159000
"158",40,"shad","current",0.106239732375562,0.106239732375562,0.192661342255707,1,0.4,0.5,0.95,0,0,0,1,1,7000,44000,118000,510000,40000,0,19000,90000,828000
"159",40,"shad","current",0.129306365288038,0.129306365288038,0.299013947340467,1,0.8,0.7,1,0,0,0,1,1,3000,44000,91000,453000,56000,1000,13000,193000,854000
"160",40,"shad","current",0.0929172877415069,0.0929172877415069,0.330258995264864,1,0.3,0.7,0.9,0,0,0,1,1,1e+05,290000,220000,170000,190000,0,0,40000,1010000
"161",40,"shad","current",0.0857947074593671,0.0857947074593671,0.154122533742507,1,0.5,1,0.95,0,0,0,1,1,30000,60000,350000,590000,110000,0,20000,1e+05,1260000
"162",40,"shad","current",0.0814628323229482,0.0814628323229482,0.254015279196582,1,0.9,1,1,0,0,0,1,1,30000,140000,240000,930000,1e+05,0,30000,290000,1760000
"163",40,"shad","current",0.129665962752339,0.129665962752339,0.195254573490267,1,0.9,0.8,1,0,0,0,1,1,4000,35000,123000,657000,30000,0,3000,141000,993000
"164",40,"shad","current",0.117663890409104,0.117663890409104,0.238978443305605,1,0,0.8,0.95,0,0,0,1,1,127000,20000,0,0,0,0,0,0,147000
"165",40,"shad","current",0.0956566049321964,0.0956566049321964,0.22709278282209,1,0.5,0.6,1,0,0,0,1,1,8000,47000,109000,465000,62000,0,11000,101000,803000
"166",40,"shad","current",0.120852939742211,0.120852939742211,0.294155125158801,1,0.4,1,0.95,0,0,0,1,1,30000,180000,260000,340000,230000,0,40000,1e+05,1180000
"167",40,"shad","current",0.100738516400302,0.100738516400302,0.214354619072012,1,0.7,0.7,0.95,0,0,0,1,1,4000,53000,122000,577000,38000,1000,7000,129000,931000
"168",40,"shad","current",0.0726365157260018,0.0726365157260018,0.186648133241554,1,0.6,0.5,1,0,0,0,1,1,8000,41000,114000,579000,29000,0,11000,76000,858000
"169",40,"shad","current",0.111798821221791,0.111798821221791,0.203895553441042,1,0.4,0.7,0.9,0,0,0,1,1,7000,58000,145000,555000,60000,0,20000,107000,952000
"170",40,"shad","current",0.0870308784698882,0.0870308784698882,0.263677483171517,1,0.2,0.9,0.9,0,0,0,1,1,45000,216000,240000,276000,130000,1000,26000,35000,969000
"171",40,"shad","current",0.0820231145034371,0.0820231145034371,0.234237316085423,1,0.2,0.7,0.9,0,0,0,1,1,50000,198000,216000,237000,102000,0,12000,31000,846000
"172",40,"shad","current",0.162985588235911,0.162985588235911,0.275825398876775,1,0.6,0.8,1,0,0,0,1,1,50000,2e+05,260000,360000,110000,0,10000,40000,1030000
"173",40,"shad","current",0.087171022166265,0.087171022166265,0.197930779479871,1,0.3,0.9,0.9,0,0,0,1,1,10000,61000,157000,512000,50000,0,19000,63000,872000
"174",40,"shad","current",0.120976961106391,0.120976961106391,0.17340286638625,1,0.7,1,1,0,0,0,1,1,0,70000,170000,970000,80000,0,10000,150000,1450000
"175",40,"shad","current",0.119453954856744,0.119453954856744,0.338551941703684,1,0.3,0.6,1,0,0,0,1,1,50000,2e+05,250000,480000,210000,0,40000,50000,1280000
"176",40,"shad","current",0.10810271210925,0.10810271210925,0.307849211924462,1,0.1,0.7,0.9,0,0,0,1,1,125000,194000,129000,55000,62000,0,4000,4000,573000
"177",40,"shad","current",0.110800982200996,0.110800982200996,0.225056381018561,1,0.5,0.7,0.95,0,0,0,1,1,8000,54000,110000,462000,45000,0,12000,113000,804000
"178",40,"shad","current",0.115761394048198,0.115761394048198,0.270342060844461,1,0.2,0.7,0.9,0,0,0,1,1,22000,119000,2e+05,321000,106000,0,34000,54000,856000
"179",40,"shad","current",0.0997204788333365,0.0997204788333365,0.366016827797113,1,0.5,1,0.9,0,0,0,1,1,20000,1e+05,210000,450000,2e+05,0,30000,230000,1240000
"180",40,"shad","current",0.0870225811664133,0.0870225811664133,0.254907616154981,1,0.4,0.9,0.9,0,0,0,1,1,110000,290000,240000,220000,80000,0,10000,40000,990000
"181",40,"shad","current",0.097346806474797,0.097346806474797,0.263091666740084,1,0.9,1,0.95,0,0,0,1,1,20000,70000,110000,730000,50000,0,10000,160000,1150000
"182",40,"shad","current",0.0932089492344856,0.0932089492344856,0.278610884695962,1,0.9,0.7,1,0,0,0,1,1,1000,16000,64000,490000,31000,0,10000,161000,773000
"183",40,"shad","current",0.0940250316160266,0.0940250316160266,0.241238573120319,1,0.3,0.7,0.9,0,0,0,1,1,8000,66000,141000,390000,79000,0,21000,94000,799000
"184",40,"shad","current",0.145623100049282,0.145623100049282,0.162751979869992,1,1,0.6,0.95,0,0,0,1,1,4000,34000,97000,423000,24000,2000,3000,79000,666000
"185",40,"shad","current",0.149271224033153,0.149271224033153,0.230172777121593,1,0.4,0.5,0.9,0,0,0,1,1,4000,60000,126000,459000,66000,0,20000,90000,825000
"186",40,"shad","current",0.15852530630309,0.15852530630309,0.301856645507028,1,0.8,0.5,0.9,0,0,0,1,1,1000,22000,56000,410000,20000,1000,8000,141000,659000
"187",40,"shad","current",0.123174320561238,0.123174320561238,0.254780765771349,1,0.7,0.9,0.95,0,0,0,1,1,90000,160000,320000,460000,170000,0,20000,90000,1310000
"188",40,"shad","current",0.154373743533193,0.154373743533193,0.180388994530664,1,0.7,0.5,1,0,0,0,1,1,4000,22000,77000,548000,20000,1000,9000,98000,779000
"189",40,"shad","current",0.078020196612299,0.078020196612299,0.266119949352236,1,0,0.9,0.9,0,0,0,1,1,100200,9100,0,0,0,0,0,0,109300
"190",40,"shad","current",0.086375153956284,0.086375153956284,0.183681323731479,1,0.7,1,0.9,0,0,0,1,1,40000,80000,240000,530000,40000,0,20000,40000,990000
"191",40,"shad","current",0.125572709931657,0.125572709931657,0.265209010336776,1,0,0.5,0.9,0,0,0,1,1,114000,15000,0,0,0,0,0,0,129000
"192",40,"shad","current",0.189230887074334,0.189230887074334,0.196470727196648,1,0.9,0.6,0.95,0,0,0,1,1,4000,46000,81000,421000,33000,0,4000,89000,678000
"193",40,"shad","current",0.0833681466552262,0.0833681466552262,0.272754255551567,1,0.6,0.6,1,0,0,0,1,1,5000,49000,120000,540000,77000,0,14000,165000,970000
"194",40,"shad","current",0.0847141068795051,0.0847141068795051,0.188493635888263,1,1,1,1,0,0,0,1,1,20000,70000,170000,850000,60000,0,10000,190000,1370000
"195",40,"shad","current",0.0949999155581229,0.0949999155581229,0.283111628309041,1,0.8,0.5,0.95,0,0,0,1,1,6000,35000,69000,397000,40000,2000,13000,141000,703000
"196",40,"shad","current",0.0907944389225775,0.0907944389225775,0.235584279076521,1,0.9,0.9,0.95,0,0,0,1,1,10000,70000,130000,720000,120000,0,0,160000,1210000
"197",40,"shad","current",0.102271264219828,0.102271264219828,0.202040308824773,1,0.4,0.5,1,0,0,0,1,1,1000,24000,87000,444000,30000,0,10000,69000,665000
"198",40,"shad","current",0.122659472461658,0.122659472461658,0.306808685709772,1,0.6,0.9,0.9,0,0,0,1,1,3000,28000,78000,472000,59000,0,14000,165000,819000
"199",40,"shad","current",0.118213159603171,0.118213159603171,0.297513069456537,1,0.8,0.9,0.95,0,0,0,1,1,1000,19000,56000,589000,23000,1000,4000,210000,903000
"200",40,"shad","current",0.125328160775991,0.125328160775991,0.230075984134139,1,0.2,0.9,0.95,0,0,0,1,1,36000,120000,198000,305000,85000,0,20000,36000,8e+05
"201",40,"shad","current",0.172264719087404,0.172264719087404,0.284485098136559,1,0.8,0.8,0.95,0,0,0,1,1,5000,47000,85000,589000,63000,0,15000,170000,974000
"202",40,"shad","current",0.144458020514104,0.144458020514104,0.210415803202839,1,0.9,0.7,0.9,0,0,0,1,1,11000,43000,82000,312000,20000,2000,3000,76000,549000
"203",40,"shad","current",0.162324888799683,0.162324888799683,0.270576327793893,1,0.8,1,1,0,0,0,1,1,10000,70000,180000,1020000,120000,0,40000,290000,1730000
"204",40,"shad","current",0.0801413765180849,0.0801413765180849,0.180747835213112,1,1,1,1,0,0,0,1,1,30000,120000,180000,990000,30000,0,20000,170000,1540000
"205",40,"shad","current",0.0831399612001521,0.0831399612001521,0.18200571185312,1,0.9,0.6,0.9,0,0,0,1,1,2000,13000,34000,338000,23000,1000,1000,69000,481000
"206",40,"shad","current",0.0985444351716576,0.0985444351716576,0.313976243649073,1,0.9,0.5,0.9,0,0,0,1,1,2000,7000,29000,303000,10000,1000,5000,118000,475000
"207",40,"shad","current",0.115727266476044,0.115727266476044,0.288007225967716,1,0.1,0.9,1,0,0,0,1,1,156000,263000,108000,61000,60000,0,4000,1000,653000
"208",40,"shad","current",0.0655745402193529,0.0655745402193529,0.254882942620047,1,0.7,1,1,0,0,0,1,1,10000,1e+05,190000,760000,90000,0,40000,260000,1450000
"209",40,"shad","current",0.0588707423547479,0.0588707423547479,0.238367710086882,1,0.6,1,0.9,0,0,0,1,1,50000,130000,230000,590000,50000,0,10000,190000,1250000
"210",40,"shad","current",0.117892234508699,0.117892234508699,0.283009243026066,1,0.7,0.6,0.95,0,0,0,1,1,1000,11000,46000,372000,29000,0,11000,155000,625000
"211",40,"shad","current",0.0993633056583536,0.0993633056583536,0.275501675864212,1,0.1,0.5,0.9,0,0,0,1,1,116000,160000,64000,44000,39000,0,1000,1000,425000
"212",40,"shad","current",0.125095850962818,0.125095850962818,0.236654638465748,1,0.8,0.5,0.95,0,0,0,1,1,1000,18000,55000,485000,28000,1000,9000,131000,728000
"213",40,"shad","current",0.0828487783328811,0.0828487783328811,0.329663793351792,1,0.6,0.8,0.95,0,0,0,1,1,1000,23000,69000,539000,40000,1000,13000,213000,899000
"214",40,"shad","current",0.0711460392881936,0.0711460392881936,0.178441850302892,1,0.4,0.5,0.95,0,0,0,1,1,7000,70000,141000,408000,47000,0,13000,49000,735000
"215",40,"shad","current",0.0839991735155551,0.0839991735155551,0.299626965516954,1,1,0.8,0.95,0,0,0,1,1,1000,9000,46000,434000,27000,1000,11000,165000,694000
"216",40,"shad","current",0.146630886972812,0.146630886972812,0.21927046445772,1,0.9,0.6,0.95,0,0,0,1,1,1000,12000,73000,506000,27000,0,5000,123000,747000
"217",40,"shad","current",0.0781495301681557,0.0781495301681557,0.272589464287457,1,1,0.5,0.9,0,0,0,1,1,3000,18000,40000,314000,18000,1000,2000,94000,490000
"218",40,"shad","current",0.117815153061074,0.117815153061074,0.276083951894751,1,0.7,0.8,0.9,0,0,0,1,1,2000,22000,56000,472000,24000,0,8000,161000,745000
"219",40,"shad","current",0.10384308233242,0.10384308233242,0.184704861911041,1,0.5,0.7,0.9,0,0,0,1,1,2000,23000,71000,402000,28000,0,6000,65000,597000
"220",40,"shad","current",0.119855601960163,0.119855601960163,0.379731304990355,1,0.4,1,0.9,0,0,0,1,1,10000,60000,190000,590000,140000,0,60000,260000,1310000
"221",40,"shad","current",0.136862671742987,0.136862671742987,0.166176664303215,1,0.2,0.8,0.9,0,0,0,1,1,36000,182000,235000,289000,75000,0,12000,18000,847000
"222",40,"shad","current",0.0683073273639895,0.0683073273639895,0.278260199024274,1,1,0.7,0.9,0,0,0,1,1,2000,21000,70000,506000,35000,5000,10000,168000,817000
"223",40,"shad","current",0.0808439313886278,0.0808439313886278,0.279824332416788,1,0.7,0.6,1,0,0,0,1,1,1000,22000,74000,623000,50000,0,12000,188000,970000
"224",40,"shad","current",0.114121051176645,0.114121051176645,0.275399432986849,1,0.6,0.6,0.9,0,0,0,1,1,5000,31000,70000,265000,31000,1000,7000,75000,485000
"225",40,"shad","current",0.124923915225431,0.124923915225431,0.275515970934774,1,0,1,0.9,0,0,0,1,1,114000,14000,0,0,0,0,0,0,128000
"226",40,"shad","current",0.131368734916684,0.131368734916684,0.171443043869643,1,0,0.7,0.9,0,0,0,1,1,110000,22000,0,0,0,0,0,0,132000
"227",40,"shad","current",0.0851069739399428,0.0851069739399428,0.264106260262865,1,0.2,0.9,0.95,0,0,0,1,1,140000,280000,260000,240000,70000,0,40000,10000,1040000
"228",40,"shad","current",0.124541363725878,0.124541363725878,0.204423353954709,1,0.2,0.5,0.9,0,0,0,1,1,30000,134000,173000,248000,74000,0,12000,32000,703000
"229",40,"shad","current",0.105146545064094,0.105146545064094,0.238994238329665,1,0.3,1,0.9,0,0,0,1,1,40000,150000,290000,440000,1e+05,0,30000,20000,1070000
"230",40,"shad","current",0.126038395251021,0.126038395251021,0.233932497047027,1,0,0.8,1,0,0,0,1,1,165000,21000,0,0,0,0,0,0,186000
"231",40,"shad","current",0.161187639747523,0.161187639747523,0.238897558656677,1,0.3,0.8,0.9,0,0,0,1,1,15000,95000,213000,427000,98000,0,20000,74000,942000
"232",40,"shad","current",0.117476638383973,0.117476638383973,0.197796901278096,1,0,0.6,1,0,0,0,1,1,114000,11000,0,0,0,0,0,0,125000
"233",40,"shad","current",0.141361168779144,0.141361168779144,0.257141730514561,1,0.7,0.6,0.9,0,0,0,1,1,2000,11000,40000,285000,19000,2000,8000,95000,462000
"234",40,"shad","current",0.0944823386962766,0.0944823386962766,0.199842725220528,1,0.8,0.5,0.9,0,0,0,1,1,3000,21000,62000,355000,28000,0,4000,74000,547000
"235",40,"shad","current",0.111523237827081,0.111523237827081,0.238356125754687,1,0.7,0.6,1,0,0,0,1,1,4000,29000,84000,543000,46000,2000,8000,142000,858000
"236",40,"shad","current",0.135512632021644,0.135512632021644,0.220087697977162,1,0.6,0.7,0.95,0,0,0,1,1,1000,3000,23000,576000,7000,0,5000,152000,767000
"237",40,"shad","current",0.148168389802696,0.148168389802696,0.212706412995145,1,0.5,0.7,0.9,0,0,0,1,1,3000,12000,59000,412000,20000,0,8000,96000,610000
"238",40,"shad","current",0.0931306637599361,0.0931306637599361,0.270274783166845,1,0,1,1,0,0,0,1,1,142000,7000,0,0,0,0,0,0,149000
"239",40,"shad","current",0.119122541896424,0.119122541896424,0.300952613691514,1,1,0.8,0.95,0,0,0,1,1,7000,60000,105000,461000,77000,3000,7000,170000,890000
"240",40,"shad","current",0.106210260819903,0.106210260819903,0.228888595393339,1,0,0.5,0.95,0,0,0,1,1,134000,14000,0,0,0,0,0,0,148000
"241",40,"shad","current",0.124498309078792,0.124498309078792,0.318472580690792,1,0.3,1,0.9,0,0,0,1,1,50000,180000,2e+05,460000,190000,0,50000,170000,1300000
"242",40,"shad","current",0.103345347300202,0.103345347300202,0.281948429086812,1,0.6,0.8,1,0,0,0,1,1,20000,0,80000,6e+05,70000,0,0,2e+05,970000
"243",40,"shad","current",0.142337068403432,0.142337068403432,0.228676492514814,1,0.3,1,0.9,0,0,0,1,1,10000,110000,250000,480000,1e+05,0,70000,90000,1110000
"244",40,"shad","current",0.109275090473114,0.109275090473114,0.13624655803962,1,1,1,1,0,0,0,1,1,20000,1e+05,250000,1010000,90000,0,10000,170000,1650000
"245",40,"shad","current",0.0711316927315212,0.0711316927315212,0.300084162054524,1,0.2,0.9,0.95,0,0,0,1,1,44000,151000,180000,236000,139000,0,33000,35000,818000
"246",40,"shad","current",0.172566314261996,0.172566314261996,0.259248514951328,1,0.4,0.7,0.95,0,0,0,1,1,1000,25000,84000,558000,50000,0,23000,145000,886000
"247",40,"shad","current",0.113400165593122,0.113400165593122,0.22256109531742,1,0.8,1,0.9,0,0,0,1,1,3000,36000,95000,516000,41000,0,11000,139000,841000
"248",40,"shad","current",0.0987281491126617,0.0987281491126617,0.232013156448932,1,0.4,1,1,0,0,0,1,1,10000,0,170000,920000,20000,0,30000,180000,1330000
"249",40,"shad","current",0.154552215038526,0.154552215038526,0.250901119444287,1,0,0.6,0.9,0,0,0,1,1,114000,22000,0,0,0,0,0,0,136000
"250",40,"shad","current",0.0925209803077444,0.0925209803077444,0.231404407449018,1,0.9,0.7,0.9,0,0,0,1,1,3000,33000,80000,414000,25000,1000,8000,88000,652000
"251",40,"shad","current",0.111195708043118,0.111195708043118,0.159935659013627,1,0.7,0.8,1,0,0,0,1,1,6000,24000,88000,686000,22000,1000,5000,101000,933000
"252",40,"shad","current",0.127161007871943,0.127161007871943,0.228512458047165,1,1,0.7,0.95,0,0,0,1,1,4000,26000,76000,417000,29000,1000,12000,124000,689000
"253",40,"shad","current",0.142971144819237,0.142971144819237,0.216196200946321,1,0.5,0.5,0.9,0,0,0,1,1,7000,57000,101000,313000,45000,0,15000,58000,596000
"254",40,"shad","current",0.127300031953154,0.127300031953154,0.298913104193481,1,0.8,0.8,1,0,0,0,1,1,20000,40000,80000,610000,1e+05,0,10000,220000,1080000
"255",40,"shad","current",0.10523568036659,0.10523568036659,0.272079521088944,1,0.6,0.9,0.9,0,0,0,1,1,0,90000,120000,490000,1e+05,0,10000,150000,960000
"256",40,"shad","current",0.168189179410086,0.168189179410086,0.278079995151831,1,0.1,0.6,1,0,0,0,1,1,85000,171000,153000,109000,80000,0,9000,7000,614000
"257",40,"shad","current",0.0985619565981317,0.0985619565981317,0.284142123103929,1,0.5,0.8,1,0,0,0,1,1,20000,120000,190000,460000,110000,0,50000,130000,1080000
"258",40,"shad","current",0.0985186353776128,0.0985186353776128,0.278118479799701,1,0.9,0.7,0.95,0,0,0,1,1,1000,21000,54000,516000,22000,2000,5000,189000,810000
"259",40,"shad","current",0.13716633995865,0.13716633995865,0.283750851409849,1,0.3,0.8,0.95,0,0,0,1,1,14000,83000,190000,350000,113000,0,28000,82000,860000
"260",40,"shad","current",0.0724683197962259,0.0724683197962259,0.227662595249503,1,1,0.7,0.95,0,0,0,1,1,1000,15000,50000,427000,24000,2000,5000,120000,644000
"261",40,"shad","current",0.105887785676633,0.105887785676633,0.288375266667637,1,0.7,0.8,0.9,0,0,0,1,1,5000,36000,91000,476000,59000,1000,16000,166000,850000
"262",40,"shad","current",0.115148777353392,0.115148777353392,0.290676490169114,1,0.1,0.8,0.9,0,0,0,1,1,103000,163000,120000,91000,76000,0,7000,3000,563000
"263",40,"shad","current",0.116736649387003,0.116736649387003,0.220035193480355,1,0.8,0.7,0.9,0,0,0,1,1,4000,44000,73000,250000,28000,2000,9000,59000,469000
"264",40,"shad","current",0.0695784221783706,0.0695784221783706,0.297749424935311,1,1,0.6,0.9,0,0,0,1,1,2000,9000,34000,345000,19000,1000,5000,144000,559000
"265",40,"shad","current",0.183726926788375,0.183726926788375,0.247448021319698,1,0.9,0.9,0.9,0,0,0,1,1,4000,18000,52000,557000,32000,3000,9000,161000,836000
"266",40,"shad","current",0.105992214184828,0.105992214184828,0.221270493634043,1,0.6,0.7,1,0,0,0,1,1,6000,26000,91000,588000,66000,0,15000,136000,928000
"267",40,"shad","current",0.062530030365329,0.062530030365329,0.35735528780423,1,0.8,0.5,1,0,0,0,1,1,3000,14000,48000,385000,39000,0,9000,178000,676000
"268",40,"shad","current",0.103994413944803,0.103994413944803,0.332996126565017,1,0.6,0.9,0.95,0,0,0,1,1,10000,70000,170000,440000,190000,0,10000,210000,1100000
"269",40,"shad","current",0.0906358387746414,0.0906358387746414,0.263386895181729,1,0.9,0.7,1,0,0,0,1,1,2000,16000,68000,612000,33000,1000,8000,198000,938000
"270",40,"shad","current",0.111107557398232,0.111107557398232,0.244614573056375,1,0,0.8,0.9,0,0,0,1,1,129000,13000,0,0,0,0,0,0,142000
"271",40,"shad","current",0.114137098624256,0.114137098624256,0.19199162405879,1,0.6,0.9,1,0,0,0,1,1,20000,120000,3e+05,710000,50000,0,10000,80000,1290000
"272",40,"shad","current",0.0556561988132637,0.0556561988132637,0.279460980425031,1,0.7,1,0.95,0,0,0,1,1,10000,10000,140000,870000,80000,10000,10000,250000,1380000
"273",40,"shad","current",0.0985138424495978,0.0985138424495978,0.239687328972462,1,0.6,0.6,0.95,0,0,0,1,1,2000,19000,72000,378000,25000,1000,5000,116000,618000
"274",40,"shad","current",0.118299582695573,0.118299582695573,0.256122726946592,1,0.6,0.5,0.9,0,0,0,1,1,3000,11000,41000,313000,22000,0,12000,112000,514000
"275",40,"shad","current",0.0966441443244841,0.0966441443244841,0.238015114905318,1,0.3,0.5,1,0,0,0,1,1,80000,240000,320000,190000,140000,0,10000,50000,1030000
"276",40,"shad","current",0.12242286885146,0.12242286885146,0.228677829945803,1,0.1,1,0.9,0,0,0,1,1,116000,217000,165000,120000,76000,0,5000,11000,710000
"277",40,"shad","current",0.136814788964686,0.136814788964686,0.165096469362631,1,0.4,1,1,0,0,0,1,1,50000,270000,350000,610000,120000,0,10000,50000,1460000
"278",40,"shad","current",0.085506355579557,0.085506355579557,0.267446996995144,1,0.8,0.8,1,0,0,0,1,1,30000,70000,190000,610000,120000,0,70000,60000,1150000
"279",40,"shad","current",0.130385436936698,0.130385436936698,0.205469001661051,1,0.8,0.7,1,0,0,0,1,1,1000,18000,73000,704000,25000,2000,5000,164000,992000
"280",40,"shad","current",0.112762993692919,0.112762993692919,0.276392576730219,1,1,0.8,0.95,0,0,0,1,1,2000,18000,58000,517000,40000,2000,11000,189000,837000
"281",40,"shad","current",0.0868699256064157,0.0868699256064157,0.236375903052222,1,1,0.8,1,0,0,0,1,1,10000,20000,150000,680000,50000,0,10000,150000,1070000
"282",40,"shad","current",0.119594860450746,0.119594860450746,0.300064251810457,1,0.1,1,1,0,0,0,1,1,224000,331000,172000,57000,89000,0,3000,0,876000
"283",40,"shad","current",0.144713941194144,0.144713941194144,0.251564523783381,1,0.9,0.8,0.95,0,0,0,1,1,6000,29000,78000,489000,30000,2000,7000,138000,779000
"284",40,"shad","current",0.135945374121683,0.135945374121683,0.2478637414802,1,0.4,0.5,0.95,0,0,0,1,1,1000,20000,71000,475000,54000,0,10000,99000,730000
"285",40,"shad","current",0.0855610772391939,0.0855610772391939,0.205421457151644,1,0.3,0.7,0.9,0,0,0,1,1,20000,40000,230000,510000,120000,0,20000,50000,990000
"286",40,"shad","current",0.140468149153298,0.140468149153298,0.231941184359246,1,0.3,0.6,1,0,0,0,1,1,12000,88000,186000,474000,80000,0,24000,87000,951000
"287",40,"shad","current",0.0941564341743084,0.0941564341743084,0.292346075576333,1,0.3,0.7,0.95,0,0,0,1,1,13000,109000,168000,349000,98000,0,27000,68000,832000
"288",40,"shad","current",0.0730609697153007,0.0730609697153007,0.25979742953454,1,0.7,0.6,1,0,0,0,1,1,1000,8000,60000,647000,29000,0,8000,215000,968000
"289",40,"shad","current",0.101579840207984,0.101579840207984,0.208837059861621,1,0.2,0.7,0.9,0,0,0,1,1,71000,248000,240000,261000,69000,0,17000,10000,916000
"290",40,"shad","current",0.140967542678314,0.140967542678314,0.268994209410602,1,0.2,1,1,0,0,0,1,1,53000,195000,232000,288000,139000,0,24000,46000,977000
"291",40,"shad","current",0.12546821611813,0.12546821611813,0.211718334536013,1,0.1,0.7,0.9,0,0,0,1,1,93000,170000,89000,41000,29000,0,1000,1000,424000
"292",40,"shad","current",0.116719300146574,0.116719300146574,0.253983570227425,1,0.1,0.7,1,0,0,0,1,1,166000,251000,132000,52000,57000,0,5000,2000,665000
"293",40,"shad","current",0.12187681011025,0.12187681011025,0.23563498623112,1,0.3,0.6,1,0,0,0,1,1,10000,140000,230000,560000,150000,0,30000,1e+05,1220000
"294",40,"shad","current",0.118281155653882,0.118281155653882,0.290464013831302,1,0.6,0.9,0.95,0,0,0,1,1,30000,60000,110000,670000,110000,0,40000,260000,1280000
"295",40,"shad","current",0.0896114035484794,0.0896114035484794,0.179787713635925,1,0,0.8,0.9,0,0,0,1,1,97000,10000,0,0,0,0,0,0,107000
"296",40,"shad","current",0.103377326893281,0.103377326893281,0.300786769258404,1,0.1,0.6,1,0,0,0,1,1,1e+05,204000,106000,83000,85000,0,5000,7000,590000
"297",40,"shad","current",0.0801995763619873,0.0801995763619873,0.316855834217382,1,0,0.9,1,0,0,0,1,1,109000,12000,0,0,0,0,0,0,121000
"298",40,"shad","current",0.138841369852804,0.138841369852804,0.178969356360548,1,0.3,0.8,1,0,0,0,1,1,11000,48000,138000,512000,62000,0,20000,66000,857000
"299",40,"shad","current",0.079503521509686,0.079503521509686,0.210024229361342,1,0.6,0.6,0.9,0,0,0,1,1,5000,38000,90000,444000,32000,0,5000,93000,707000
"300",40,"shad","current",0.0657709956976358,0.0657709956976358,0.279062650893531,1,0.9,1,1,0,0,0,1,1,10000,1e+05,170000,910000,80000,30000,20000,220000,1540000
"301",40,"shad","current",0.0889058152365027,0.0889058152365027,0.250110820650435,1,0.4,0.9,0.95,0,0,0,1,1,20000,230000,280000,410000,160000,0,30000,70000,1200000
"302",40,"shad","current",0.0989022519367446,0.0989022519367446,0.175284477436073,1,0.6,0.8,1,0,0,0,1,1,10000,60000,230000,520000,40000,0,0,80000,940000
"303",40,"shad","current",0.127288241152103,0.127288241152103,0.280851620947853,1,0.9,0.6,0.9,0,0,0,1,1,1000,5000,34000,478000,14000,3000,5000,152000,692000
"304",40,"shad","current",0.0963751249258583,0.0963751249258583,0.334025550315438,1,0.9,0.8,0.9,0,0,0,1,1,2000,17000,35000,417000,29000,3000,5000,155000,663000
"305",40,"shad","current",0.113239146419039,0.113239146419039,0.242797407136011,1,0.2,0.8,0.9,0,0,0,1,1,77000,253000,225000,190000,104000,0,17000,17000,883000
"306",40,"shad","current",0.118898144768134,0.118898144768134,0.185170073334032,1,0,0.5,0.95,0,0,0,1,1,117000,10000,0,0,0,0,0,0,127000
"307",40,"shad","current",0.130803827863362,0.130803827863362,0.249887502948345,1,0.5,0.9,1,0,0,0,1,1,40000,180000,3e+05,430000,130000,0,20000,70000,1170000
"308",40,"shad","current",0.093654464673302,0.093654464673302,0.236235453536993,1,0.7,0.5,0.9,0,0,0,1,1,3000,7000,47000,353000,8000,0,4000,87000,509000
"309",40,"shad","current",0.131437109311567,0.131437109311567,0.191828295605094,1,0.6,0.5,1,0,0,0,1,1,1000,24000,76000,655000,25000,0,10000,134000,925000
"310",40,"shad","current",0.10815902429934,0.10815902429934,0.270210956815629,1,0.9,0.9,1,0,0,0,1,1,10000,50000,250000,590000,1e+05,0,0,120000,1120000
"311",40,"shad","current",0.0861530095086263,0.0861530095086263,0.262372164500462,1,0.6,0.6,0.95,0,0,0,1,1,5000,32000,84000,454000,43000,0,18000,150000,786000
"312",40,"shad","current",0.109029344866753,0.109029344866753,0.250312797238014,1,0.4,0.7,1,0,0,0,1,1,30000,160000,290000,460000,90000,0,30000,70000,1130000
"313",40,"shad","current",0.156397396622942,0.156397396622942,0.2627851552621,1,0.1,0.6,1,0,0,0,1,1,115000,207000,126000,77000,55000,0,11000,6000,597000
"314",40,"shad","current",0.123910054292358,0.123910054292358,0.223447150517251,1,0.8,0.5,1,0,0,0,1,1,1000,21000,59000,528000,28000,0,7000,124000,768000
"315",40,"shad","current",0.137960397730192,0.137960397730192,0.184957803388439,1,0.6,0.5,0.95,0,0,0,1,1,2000,17000,69000,614000,26000,0,11000,113000,852000
"316",40,"shad","current",0.184809589283226,0.184809589283226,0.239312191921437,1,0.3,1,1,0,0,0,1,1,40000,180000,290000,720000,130000,0,30000,1e+05,1490000
"317",40,"shad","current",0.15479556259621,0.15479556259621,0.266581087670677,1,0.6,0.7,1,0,0,0,1,1,10000,0,150000,610000,1e+05,0,20000,170000,1060000
"318",40,"shad","current",0.0813302098093139,0.0813302098093139,0.268274521574743,1,0.4,0.8,0.9,0,0,0,1,1,10000,92000,160000,419000,80000,0,31000,102000,894000
"319",40,"shad","current",0.123544865005356,0.123544865005356,0.244595652689608,1,1,0.5,1,0,0,0,1,1,9000,31000,77000,471000,36000,1000,7000,138000,770000
"320",40,"shad","current",0.0851181162652857,0.0851181162652857,0.256681821113369,1,0.5,0.7,0.9,0,0,0,1,1,6000,27000,85000,358000,40000,0,13000,108000,637000
"321",40,"shad","current",0.139887833721086,0.139887833721086,0.25644017605666,1,0.1,0.9,1,0,0,0,1,1,188000,279000,152000,102000,81000,0,5000,3000,810000
"322",40,"shad","current",0.165650110208721,0.165650110208721,0.216607957560627,1,0,0.6,0.95,0,0,0,1,1,120000,27000,0,0,0,0,0,0,147000
"323",40,"shad","current",0.118237673978094,0.118237673978094,0.193568636712438,1,0.7,0.5,1,0,0,0,1,1,2000,20000,59000,619000,21000,0,6000,130000,857000
"324",40,"shad","current",0.102490999945024,0.102490999945024,0.283445328679692,1,0.5,0.6,0.95,0,0,0,1,1,3000,12000,64000,474000,39000,0,11000,160000,763000
"325",40,"shad","current",0.0965998575945154,0.0965998575945154,0.197525232688464,1,0.2,0.5,0.9,0,0,0,1,1,31000,119000,147000,220000,59000,0,11000,22000,609000
"326",40,"shad","current",0.113863551727214,0.113863551727214,0.211745151873728,1,0.9,0.5,0.9,0,0,0,1,1,1000,7000,27000,489000,14000,3000,1000,119000,661000
"327",40,"shad","current",0.141796906085324,0.141796906085324,0.213018150100652,1,0.2,1,1,0,0,0,1,1,30000,177000,226000,364000,114000,0,25000,29000,965000
"328",40,"shad","current",0.101954739854319,0.101954739854319,0.2622030860718,1,0.2,0.7,1,0,0,0,1,1,57000,182000,217000,252000,131000,0,17000,38000,894000
"329",40,"shad","current",0.0840815366794959,0.0840815366794959,0.231566301218906,1,1,0.5,1,0,0,0,1,1,7000,34000,86000,443000,34000,2000,2000,141000,749000
"330",40,"shad","current",0.0778793299658824,0.0778793299658824,0.266367015716427,1,0.2,0.8,1,0,0,0,1,1,1e+05,280000,280000,280000,190000,0,50000,10000,1190000
"331",40,"shad","current",0.0769581361594557,0.0769581361594557,0.352274545227546,1,0.5,0.8,1,0,0,0,1,1,3000,47000,107000,457000,108000,1000,20000,165000,908000
"332",40,"shad","current",0.109000381700751,0.109000381700751,0.247259933922683,1,0.1,1,1,0,0,0,1,1,180000,297000,237000,103000,97000,0,6000,9000,929000
"333",40,"shad","current",0.133667946147939,0.133667946147939,0.220647081296228,1,0.6,0.9,0.95,0,0,0,1,1,10000,40000,180000,570000,1e+05,0,10000,120000,1030000
"334",40,"shad","current",0.124271863744881,0.124271863744881,0.226452334247161,1,0.6,0.9,1,0,0,0,1,1,20000,80000,280000,750000,140000,0,30000,1e+05,1400000
"335",40,"shad","current",0.115214335327179,0.115214335327179,0.289494962745675,1,0.9,0.5,0.9,0,0,0,1,1,2000,24000,62000,421000,35000,0,6000,145000,695000
"336",40,"shad","current",0.0951775002427104,0.0951775002427104,0.247362475319198,1,0.6,0.6,0.9,0,0,0,1,1,2000,17000,71000,389000,34000,0,7000,102000,622000
"337",40,"shad","current",0.0806357144941486,0.0806357144941486,0.201792918026152,1,0.7,0.7,0.95,0,0,0,1,1,7000,49000,88000,5e+05,31000,0,10000,103000,788000
"338",40,"shad","current",0.100597059045867,0.100597059045867,0.266764136704432,1,0.1,0.6,0.95,0,0,0,1,1,105000,204000,110000,80000,63000,0,11000,5000,578000
"339",40,"shad","current",0.113971051291355,0.113971051291355,0.259045339724257,1,0.2,0.8,0.95,0,0,0,1,1,44000,162000,177000,205000,92000,0,15000,29000,724000
"340",40,"shad","current",0.0972451005183455,0.0972451005183455,0.321216140959124,1,0.7,0.9,0.9,0,0,0,1,1,30000,1e+05,210000,390000,90000,0,0,170000,990000
"341",40,"shad","current",0.117571865174161,0.117571865174161,0.220360754858051,1,1,1,1,0,0,0,1,1,40000,240000,320000,920000,70000,0,20000,150000,1760000
"342",40,"shad","current",0.079000774113429,0.079000774113429,0.240659594017945,1,0.8,0.8,0.95,0,0,0,1,1,2000,15000,57000,518000,36000,0,9000,150000,787000
"343",40,"shad","current",0.117030426928493,0.117030426928493,0.26609437606451,1,0.2,0.9,0.95,0,0,0,1,1,170000,260000,360000,250000,160000,0,20000,0,1220000
"344",40,"shad","current",0.137383443890912,0.137383443890912,0.221511573260233,1,0.5,0.5,0.95,0,0,0,1,1,7000,34000,107000,381000,38000,0,12000,77000,656000
"345",40,"shad","current",0.11463944400286,0.11463944400286,0.172080460073734,1,0.8,0.7,0.9,0,0,0,1,1,1000,16000,52000,424000,21000,0,7000,73000,594000
"346",40,"shad","current",0.0755843331098004,0.0755843331098004,0.238890474186191,1,0.6,0.5,1,0,0,0,1,1,3000,26000,89000,540000,43000,0,11000,149000,861000
"347",40,"shad","current",0.110812915296388,0.110812915296388,0.167945638559231,1,0.2,0.5,0.95,0,0,0,1,1,44000,167000,154000,167000,44000,0,10000,7000,593000
"348",40,"shad","current",0.0845472586038894,0.0845472586038894,0.221899388007462,1,0.9,0.6,1,0,0,0,1,1,1000,7000,48000,522000,14000,2000,9000,152000,755000
"349",40,"shad","current",0.13633299149574,0.13633299149574,0.20533943136593,1,0.8,1,1,0,0,0,1,1,30000,1e+05,3e+05,720000,130000,0,20000,110000,1410000
"350",40,"shad","current",0.122142346498085,0.122142346498085,0.245521138795707,1,0.6,1,0.9,0,0,0,1,1,10000,70000,170000,550000,90000,0,10000,210000,1110000
"351",40,"shad","current",0.105876985061992,0.105876985061992,0.232442125588536,1,0.4,0.6,1,0,0,0,1,1,20000,1e+05,2e+05,420000,1e+05,0,50000,1e+05,990000
"352",40,"shad","current",0.101639338988187,0.101639338988187,0.258571348615711,1,0.7,1,0.9,0,0,0,1,1,30000,50000,130000,540000,130000,0,20000,180000,1080000
"353",40,"shad","current",0.11147388262245,0.11147388262245,0.166706599519529,1,0.7,0.8,1,0,0,0,1,1,7000,33000,113000,649000,36000,0,12000,107000,957000
"354",40,"shad","current",0.0930318818907029,0.0930318818907029,0.201126789642455,1,0.2,0.7,0.95,0,0,0,1,1,53000,191000,201000,266000,82000,0,14000,24000,831000
"355",40,"shad","current",0.0808768070378145,0.0808768070378145,0.203014903851579,1,0.1,0.6,0.9,0,0,0,1,1,95000,178000,117000,70000,34000,0,0,2000,496000
"356",40,"shad","current",0.105784152720793,0.105784152720793,0.249193366022866,1,0.9,0.9,0.95,0,0,0,1,1,4000,25000,96000,595000,36000,0,8000,165000,929000
"357",40,"shad","current",0.15236014708636,0.15236014708636,0.180105020016494,1,0.5,0.7,1,0,0,0,1,1,30000,40000,170000,580000,50000,0,30000,70000,970000
"358",40,"shad","current",0.0877395513025351,0.0877395513025351,0.263449968281409,1,0.3,1,0.95,0,0,0,1,1,24000,104000,143000,354000,86000,0,23000,76000,810000
"359",40,"shad","current",0.0991636295975546,0.0991636295975546,0.252896673650589,1,0.9,0.8,0.95,0,0,0,1,1,7000,41000,101000,493000,50000,2000,12000,168000,874000
"360",40,"shad","current",0.11135885348315,0.11135885348315,0.25761076194889,1,0.1,0.8,0.95,0,0,0,1,1,136000,214000,138000,65000,62000,0,5000,2000,622000
"361",40,"shad","current",0.0768170490622871,0.0768170490622871,0.279074508883811,1,0.4,0.7,0.95,0,0,0,1,1,10000,77000,147000,416000,88000,0,21000,97000,856000
"362",40,"shad","current",0.0917918937879011,0.0917918937879011,0.242634915650928,1,0.3,0.6,0.95,0,0,0,1,1,26000,133000,169000,398000,97000,0,21000,56000,9e+05
"363",40,"shad","current",0.0988455485102098,0.0988455485102098,0.265620400360641,1,0.3,0.9,0.95,0,0,0,1,1,50000,2e+05,240000,470000,140000,0,40000,70000,1210000
"364",40,"shad","current",0.0906208684011368,0.0906208684011368,0.169558665608425,1,0.7,0.9,0.95,0,0,0,1,1,10000,20000,120000,790000,40000,0,30000,1e+05,1110000
"365",40,"shad","current",0.100096995539095,0.100096995539095,0.312297079239412,1,1,0.7,1,0,0,0,1,1,20000,160000,210000,360000,110000,0,30000,80000,970000
"366",40,"shad","current",0.120106722445893,0.120106722445893,0.290025870512297,1,0.6,0.7,0.9,0,0,0,1,1,1000,12000,40000,406000,32000,1000,10000,134000,636000
"367",40,"shad","current",0.130215129345595,0.130215129345595,0.21520916565084,1,0.2,0.9,1,0,0,0,1,1,40000,184000,185000,211000,83000,0,12000,18000,733000
"368",40,"shad","current",0.18644134635621,0.18644134635621,0.303407123375647,1,0.3,0.9,0.9,0,0,0,1,1,13000,54000,141000,445000,102000,0,36000,117000,908000
"369",40,"shad","current",0.127271688967485,0.127271688967485,0.233370888146425,1,0.2,0.9,0.95,0,0,0,1,1,41000,166000,231000,274000,98000,0,26000,32000,868000
"370",40,"shad","current",0.0817920178688951,0.0817920178688951,0.280717696289851,1,0.5,0.6,0.95,0,0,0,1,1,9000,65000,141000,377000,75000,0,17000,116000,8e+05
"371",40,"shad","current",0.18643357645689,0.18643357645689,0.1845635701919,1,0,0.8,0.9,0,0,0,1,1,147000,32000,0,0,0,0,0,0,179000
"372",40,"shad","current",0.124940496074468,0.124940496074468,0.227617782098662,1,0.8,0.7,1,0,0,0,1,1,10000,110000,120000,580000,80000,0,20000,160000,1080000
"373",40,"shad","current",0.0828284138487007,0.0828284138487007,0.234222798024448,1,0.3,0.5,0.95,0,0,0,1,1,80000,210000,3e+05,410000,140000,0,30000,20000,1190000
"374",40,"shad","current",0.091078010763872,0.091078010763872,0.372218172633517,1,0.7,0.6,1,0,0,0,1,1,3000,24000,60000,546000,51000,1000,19000,277000,981000
"375",40,"shad","current",0.115989738281887,0.115989738281887,0.352688901315762,1,0.4,0.9,1,0,0,0,1,1,10000,120000,210000,620000,180000,0,30000,180000,1350000
"376",40,"shad","current",0.0993816012274882,0.0993816012274882,0.297972469987137,1,0.1,1,0.9,0,0,0,1,1,170000,273000,140000,71000,84000,0,9000,3000,750000
"377",40,"shad","current",0.0891656679205036,0.0891656679205036,0.283417647556747,1,0.2,0.7,1,0,0,0,1,1,29000,161000,218000,320000,144000,0,32000,37000,941000
"378",40,"shad","current",0.160767859419707,0.160767859419707,0.289570349822027,1,0.2,0.8,0.9,0,0,0,1,1,30000,138000,206000,288000,107000,0,33000,42000,844000
"379",40,"shad","current",0.176329162515224,0.176329162515224,0.248267083139429,1,1,1,1,0,0,0,1,1,20000,70000,2e+05,1020000,90000,0,0,220000,1620000
"380",40,"shad","current",0.10622215301217,0.10622215301217,0.206228353545474,1,1,1,1,0,0,0,1,1,10000,130000,230000,840000,40000,0,10000,160000,1420000
"381",40,"shad","current",0.111907921540296,0.111907921540296,0.221426884202806,1,0.9,0.9,0.9,0,0,0,1,1,4000,16000,70000,530000,28000,2000,6000,134000,790000
"382",40,"shad","current",0.113369214001554,0.113369214001554,0.265112047071787,1,0.4,0.8,0.95,0,0,0,1,1,11000,74000,164000,469000,86000,0,22000,115000,941000
"383",40,"shad","current",0.125621364231911,0.125621364231911,0.214694545586289,1,0.1,0.7,0.9,0,0,0,1,1,164000,220000,89000,42000,26000,0,1000,0,542000
"384",40,"shad","current",0.0951496189404449,0.0951496189404449,0.293799913566244,1,0,0.7,0.9,0,0,0,1,1,110000,11000,0,0,0,0,0,0,121000
"385",40,"shad","current",0.11757234009527,0.11757234009527,0.309363594384694,1,0.2,1,0.95,0,0,0,1,1,70000,240000,250000,290000,220000,0,50000,60000,1180000
"386",40,"shad","current",0.105654995681084,0.105654995681084,0.24127181058556,1,0.9,0.7,0.95,0,0,0,1,1,1000,18000,49000,431000,26000,2000,0,126000,653000
"387",40,"shad","current",0.0954794247696464,0.0954794247696464,0.286220943488653,1,0.8,1,0.9,0,0,0,1,1,10000,10000,60000,810000,50000,0,50000,270000,1260000
"388",40,"shad","current",0.098397698295705,0.098397698295705,0.199393632054726,1,0.1,0.7,1,0,0,0,1,1,176000,232000,126000,55000,34000,0,2000,1000,626000
"389",40,"shad","current",0.0935402778029539,0.0935402778029539,0.271317360315384,1,0.6,0.7,1,0,0,0,1,1,10000,50000,70000,6e+05,60000,0,20000,220000,1030000
"390",40,"shad","current",0.121745376706064,0.121745376706064,0.272133495016748,1,0.7,1,0.9,0,0,0,1,1,30000,60000,70000,690000,80000,10000,10000,240000,1190000
"391",40,"shad","current",0.108674548886575,0.108674548886575,0.252905502787334,1,0.5,0.9,1,0,0,0,1,1,20000,50000,2e+05,790000,40000,0,20000,170000,1290000
"392",40,"shad","current",0.0777992063138705,0.0777992063138705,0.300047367823701,1,0.3,0.8,0.9,0,0,0,1,1,20000,120000,160000,420000,160000,0,50000,60000,990000
"393",40,"shad","current",0.135994224312397,0.135994224312397,0.223129512708847,1,0.6,0.6,0.9,0,0,0,1,1,3000,23000,80000,410000,44000,0,14000,108000,682000
"394",40,"shad","current",0.13022835364343,0.13022835364343,0.207791324995421,1,0.9,0.9,0.95,0,0,0,1,1,10000,150000,170000,5e+05,110000,0,0,70000,1010000
"395",40,"shad","current",0.0510536640346211,0.0510536640346211,0.32098871062492,1,0.2,0.9,0.9,0,0,0,1,1,75000,204000,194000,263000,131000,0,25000,39000,931000
"396",40,"shad","current",0.1685641224682,0.1685641224682,0.238749511859179,1,1,0.5,0.9,0,0,0,1,1,3000,21000,41000,391000,20000,3000,4000,117000,6e+05
"397",40,"shad","current",0.12649014854874,0.12649014854874,0.306429135286381,1,1,0.7,0.9,0,0,0,1,1,1000,4000,26000,371000,13000,0,6000,181000,602000
"398",40,"shad","current",0.122697876987767,0.122697876987767,0.233589409671476,1,0.7,0.8,0.95,0,0,0,1,1,30000,180000,220000,310000,120000,0,30000,80000,970000
"399",40,"shad","current",0.119670804530656,0.119670804530656,0.23047747615447,1,0.6,0.7,0.95,0,0,0,1,1,2000,34000,107000,492000,42000,0,11000,106000,794000
"400",40,"shad","current",0.109147486228165,0.109147486228165,0.23844311622988,1,0.7,0.9,1,0,0,0,1,1,10000,160000,230000,510000,80000,0,30000,90000,1110000
"401",40,"shad","current",0.155053994586699,0.155053994586699,0.252613883492713,1,0.3,0.7,1,0,0,0,1,1,30000,1e+05,160000,450000,150000,0,40000,50000,980000
"402",40,"shad","current",0.134948552532144,0.134948552532144,0.210875223440699,1,0.5,0.7,0.95,0,0,0,1,1,4000,31000,115000,509000,44000,0,11000,1e+05,814000
"403",40,"shad","current",0.0607039552937489,0.0607039552937489,0.31188473456054,1,0.3,0.8,0.95,0,0,0,1,1,90000,280000,280000,220000,140000,0,10000,30000,1050000
"404",40,"shad","current",0.137547663314023,0.137547663314023,0.309465580832078,1,0.6,0.6,0.95,0,0,0,1,1,5000,21000,60000,457000,42000,1000,17000,161000,764000
"405",40,"shad","current",0.091637768352406,0.091637768352406,0.186025620270515,1,0,0.8,0.95,0,0,0,1,1,103000,11000,0,0,0,0,0,0,114000
"406",40,"shad","current",0.101702188253716,0.101702188253716,0.199825959065439,1,0.6,0.7,1,0,0,0,1,1,20000,30000,150000,570000,1e+05,0,10000,90000,970000
"407",40,"shad","current",0.0975151927554802,0.0975151927554802,0.239482582728269,1,0.6,0.9,1,0,0,0,1,1,10000,70000,140000,850000,120000,0,10000,210000,1410000
"408",40,"shad","current",0.172301035608317,0.172301035608317,0.267303637120401,1,1,0.7,0.95,0,0,0,1,1,2000,24000,71000,584000,27000,0,8000,193000,909000
"409",40,"shad","current",0.0772383712588554,0.0772383712588554,0.232047610121259,1,1,0.8,0.9,0,0,0,1,1,4000,19000,64000,364000,26000,2000,6000,114000,599000
"410",40,"shad","current",0.0719853358602476,0.0719853358602476,0.267010516240193,1,0.5,0.7,1,0,0,0,1,1,40000,110000,260000,560000,50000,0,30000,120000,1170000
"411",40,"shad","current",0.120052667665444,0.120052667665444,0.165458214764067,1,1,0.6,0.9,0,0,0,1,1,1000,19000,38000,298000,10000,0,2000,69000,437000
"412",40,"shad","current",0.101034934809521,0.101034934809521,0.229719277618676,1,0.8,0.7,0.95,0,0,0,1,1,3000,35000,61000,619000,31000,1000,8000,154000,912000
"413",40,"shad","current",0.113540787529027,0.113540787529027,0.3113029394511,1,0.7,0.7,0.9,0,0,0,1,1,2000,21000,72000,337000,35000,1000,12000,152000,632000
"414",40,"shad","current",0.116081156781622,0.116081156781622,0.276532570651084,1,1,1,0.95,0,0,0,1,1,10000,90000,2e+05,920000,60000,10000,80000,340000,1710000
"415",40,"shad","current",0.175028275025402,0.175028275025402,0.284538463673165,1,0.1,0.5,0.9,0,0,0,1,1,97000,184000,123000,58000,57000,0,7000,2000,528000
"416",40,"shad","current",0.0681479729462044,0.0681479729462044,0.25682877258219,1,0.5,0.8,0.95,0,0,0,1,1,60000,230000,220000,3e+05,140000,0,10000,60000,1020000
"417",40,"shad","current",0.101514339190865,0.101514339190865,0.246078400091497,1,0.9,0.8,0.95,0,0,0,1,1,2000,24000,56000,439000,38000,1000,4000,120000,684000
"418",40,"shad","current",0.135710757777601,0.135710757777601,0.243221095671385,1,0.5,0.9,1,0,0,0,1,1,70000,210000,3e+05,490000,1e+05,0,10000,30000,1210000
"419",40,"shad","current",0.120746130871409,0.120746130871409,0.256678152679947,1,0.9,0.8,1,0,0,0,1,1,10000,50000,110000,520000,50000,0,30000,180000,950000
"420",40,"shad","current",0.0776318580728999,0.0776318580728999,0.270700809571824,1,0.2,0.9,0.95,0,0,0,1,1,22000,105000,162000,311000,105000,0,29000,51000,785000
"421",40,"shad","current",0.108092539874198,0.108092539874198,0.253680613969846,1,0.8,0.7,0.9,0,0,0,1,1,1000,19000,57000,433000,30000,1000,3000,149000,693000
"422",40,"shad","current",0.117524973804822,0.117524973804822,0.204287573860616,1,0.8,0.8,0.9,0,0,0,1,1,1000,11000,41000,450000,13000,0,4000,126000,646000
"423",40,"shad","current",0.099756656255608,0.099756656255608,0.253589316873237,1,0.6,0.6,1,0,0,0,1,1,1000,32000,99000,543000,45000,0,15000,121000,856000
"424",40,"shad","current",0.105122742111782,0.105122742111782,0.222709670531054,1,0.9,0.7,1,0,0,0,1,1,1000,6000,14000,673000,10000,4000,4000,206000,918000
"425",40,"shad","current",0.169810783690029,0.169810783690029,0.265597406643158,1,0.3,1,0.95,0,0,0,1,1,80000,210000,310000,480000,180000,0,10000,50000,1320000
"426",40,"shad","current",0.0894091153394049,0.0894091153394049,0.289925743123638,1,0.5,0.5,0.9,0,0,0,1,1,8000,77000,124000,292000,66000,0,8000,76000,651000
"427",40,"shad","current",0.130922458909646,0.130922458909646,0.23270947418339,1,0.9,0.8,1,0,0,0,1,1,50000,1e+05,160000,630000,90000,0,0,70000,1100000
"428",40,"shad","current",0.0829776661498357,0.0829776661498357,0.240628438107796,1,0.9,0.9,1,0,0,0,1,1,20000,40000,140000,740000,10000,0,20000,220000,1190000
"429",40,"shad","current",0.118949600526162,0.118949600526162,0.187987232033755,1,1,0.8,0.9,0,0,0,1,1,2000,13000,48000,501000,12000,0,3000,97000,676000
"430",40,"shad","current",0.0879193118435057,0.0879193118435057,0.276842008665363,1,0,0.9,0.95,0,0,0,1,1,118000,12000,0,0,0,0,0,0,130000
"431",40,"shad","current",0.138351893409038,0.138351893409038,0.242600453068535,1,0.9,0.6,1,0,0,0,1,1,5000,39000,107000,516000,45000,3000,7000,146000,868000
"432",40,"shad","current",0.0793743154337048,0.0793743154337048,0.334350734306616,1,1,1,0.9,0,0,0,1,1,20000,50000,150000,660000,160000,0,30000,230000,1300000
"433",40,"shad","current",0.139301794096192,0.139301794096192,0.283860340389904,1,0,0.6,1,0,0,0,1,1,110000,23000,0,0,0,0,0,0,133000
"434",40,"shad","current",0.113378180842596,0.113378180842596,0.265558969441473,1,0.5,1,0.95,0,0,0,1,1,90000,250000,270000,320000,1e+05,10000,20000,60000,1120000
"435",40,"shad","current",0.103439552841262,0.103439552841262,0.266798568119264,1,0.4,0.8,1,0,0,0,1,1,230000,270000,310000,260000,190000,0,40000,0,1300000
"436",40,"shad","current",0.111347951500194,0.111347951500194,0.163649535023894,1,1,0.8,0.9,0,0,0,1,1,1000,25000,48000,420000,20000,0,9000,81000,604000
"437",40,"shad","current",0.108015388432592,0.108015388432592,0.342127754261753,1,0.9,0.6,0.95,0,0,0,1,1,8000,35000,57000,351000,54000,2000,11000,174000,692000
"438",40,"shad","current",0.154580584913977,0.154580584913977,0.269872991818267,1,0.4,0.6,1,0,0,0,1,1,130000,3e+05,240000,260000,120000,0,20000,40000,1110000
"439",40,"shad","current",0.135379431173647,0.135379431173647,0.27929460344854,1,0.2,0.8,0.95,0,0,0,1,1,70000,210000,260000,220000,190000,0,20000,20000,990000
"440",40,"shad","current",0.125283289796406,0.125283289796406,0.235210973777711,1,0,0.9,0.95,0,0,0,1,1,96100,13200,0,0,0,0,0,0,109300
"441",40,"shad","current",0.136245382937973,0.136245382937973,0.205040908801643,1,0.2,0.8,1,0,0,0,1,1,32000,157000,231000,388000,94000,0,27000,43000,972000
"442",40,"shad","current",0.0774420025855786,0.0774420025855786,0.230342892793529,1,0.3,0.9,1,0,0,0,1,1,60000,250000,320000,410000,1e+05,0,20000,1e+05,1260000
"443",40,"shad","current",0.11899091128863,0.11899091128863,0.250321715879103,1,0.1,1,1,0,0,0,1,1,178000,256000,145000,57000,60000,0,8000,1000,705000
"444",40,"shad","current",0.107477296296961,0.107477296296961,0.292104592353892,1,0.6,0.6,0.9,0,0,0,1,1,2000,26000,72000,390000,58000,1000,15000,97000,661000
"445",40,"shad","current",0.141229988830197,0.141229988830197,0.221924048332759,1,0.5,0.5,1,0,0,0,1,1,8000,51000,108000,455000,46000,0,19000,103000,790000
"446",40,"shad","current",0.0662394445521375,0.0662394445521375,0.167308989718492,1,1,0.7,0.95,0,0,0,1,1,3000,18000,75000,590000,21000,2000,5000,106000,820000
"447",40,"shad","current",0.174941410823595,0.174941410823595,0.283243965223952,1,0.8,0.9,0.9,0,0,0,1,1,1000,14000,40000,608000,12000,1000,5000,238000,919000
"448",40,"shad","current",0.114861569066539,0.114861569066539,0.356837994182858,1,0.2,0.9,0.95,0,0,0,1,1,130000,270000,260000,2e+05,190000,0,20000,20000,1090000
"449",40,"shad","current",0.114597660162012,0.114597660162012,0.214408459343892,1,0.9,0.9,0.9,0,0,0,1,1,30000,130000,130000,540000,60000,0,0,70000,960000
"450",40,"shad","current",0.1270294850497,0.1270294850497,0.252841272329401,1,0.2,0.6,0.95,0,0,0,1,1,120000,260000,360000,120000,110000,0,10000,40000,1020000
"451",40,"shad","current",0.112059299798548,0.112059299798548,0.195470101169582,1,0.9,0.7,0.95,0,0,0,1,1,2000,16000,75000,619000,21000,3000,4000,119000,859000
"452",40,"shad","current",0.103092110518375,0.103092110518375,0.28633878761741,1,0.5,1,0.95,0,0,0,1,1,10000,40000,150000,1140000,50000,0,30000,320000,1740000
"453",40,"shad","current",0.129661075402994,0.129661075402994,0.229761005073694,1,0.8,0.8,1,0,0,0,1,1,4000,29000,86000,609000,35000,2000,10000,138000,913000
"454",40,"shad","current",0.099090733391418,0.099090733391418,0.244539321786609,1,0.1,0.8,0.95,0,0,0,1,1,127000,225000,133000,53000,52000,0,5000,1000,596000
"455",40,"shad","current",0.0840608167868266,0.0840608167868266,0.267499397214348,1,0.7,0.6,0.9,0,0,0,1,1,1000,13000,40000,342000,18000,0,7000,115000,536000
"456",40,"shad","current",0.0748377462349264,0.0748377462349264,0.261043183355497,1,0.7,0.9,1,0,0,0,1,1,10000,130000,120000,620000,1e+05,0,10000,130000,1120000
"457",40,"shad","current",0.114830026841276,0.114830026841276,0.300226069440105,1,0.4,0.7,1,0,0,0,1,1,40000,1e+05,140000,530000,2e+05,0,10000,80000,1100000
"458",40,"shad","current",0.0809887257569524,0.0809887257569524,0.243904716387691,1,0.2,0.8,0.95,0,0,0,1,1,21000,119000,193000,428000,103000,0,22000,68000,954000
"459",40,"shad","current",0.105514478698209,0.105514478698209,0.30279477291437,1,0.5,0.6,1,0,0,0,1,1,2000,17000,65000,513000,30000,0,15000,207000,849000
"460",40,"shad","current",0.0916557460690844,0.0916557460690844,0.298718397612522,1,0.6,0.9,1,0,0,0,1,1,10000,40000,130000,690000,110000,0,30000,210000,1220000
"461",40,"shad","current",0.124190751147738,0.124190751147738,0.251200621606911,1,0.7,0.8,1,0,0,0,1,1,50000,130000,290000,490000,130000,0,20000,80000,1190000
"462",40,"shad","current",0.117603124042665,0.117603124042665,0.238185800566508,1,0.8,0.5,0.9,0,0,0,1,1,7000,27000,89000,399000,26000,0,3000,93000,644000
"463",40,"shad","current",0.107191191269685,0.107191191269685,0.174980707278745,1,0.4,0.5,1,0,0,0,1,1,1000,25000,134000,614000,35000,0,13000,91000,913000
"464",40,"shad","current",0.0996399807666203,0.0996399807666203,0.305499392735958,1,0.9,0.5,0.9,0,0,0,1,1,4000,21000,55000,257000,30000,3000,9000,94000,473000
"465",40,"shad","current",0.104083078248886,0.104083078248886,0.23578437368537,1,0,0.7,1,0,0,0,1,1,1e+05,7000,0,0,0,0,0,0,107000
"466",40,"shad","current",0.130091537725,0.130091537725,0.186813896495414,1,0.2,0.8,0.9,0,0,0,1,1,110000,310000,290000,210000,60000,0,0,0,980000
"467",40,"shad","current",0.0943820594155289,0.0943820594155289,0.290611174064902,1,0.5,0.8,0.95,0,0,0,1,1,10000,110000,160000,620000,120000,0,20000,160000,1200000
"468",40,"shad","current",0.110066283025554,0.110066283025554,0.228516572380262,1,1,1,0.9,0,0,0,1,1,20000,50000,1e+05,650000,30000,0,0,120000,970000
"469",40,"shad","current",0.137743231805311,0.137743231805311,0.264242843149854,1,1,0.9,0.9,0,0,0,1,1,3000,19000,61000,575000,28000,3000,7000,167000,863000
"470",40,"shad","current",0.14092706457949,0.14092706457949,0.249737581144652,1,0.7,0.9,1,0,0,0,1,1,10000,1e+05,230000,9e+05,40000,10000,50000,250000,1590000
"471",40,"shad","current",0.116034474814427,0.116034474814427,0.285037710025058,1,0.2,0.5,0.9,0,0,0,1,1,10000,82000,136000,341000,99000,0,33000,57000,758000
"472",40,"shad","current",0.1236882725774,0.1236882725774,0.254191181916081,1,0.9,1,0.95,0,0,0,1,1,10000,60000,130000,750000,70000,0,30000,180000,1230000
"473",40,"shad","current",0.0929713118008507,0.0929713118008507,0.227052105510082,1,0,0.5,0.95,0,0,0,1,1,128000,8000,0,0,0,0,0,0,136000
"474",40,"shad","current",0.0861317812004165,0.0861317812004165,0.287026426772566,1,0.5,0.6,0.9,0,0,0,1,1,1000,24000,59000,429000,47000,0,14000,132000,706000
"475",40,"shad","current",0.116330511048884,0.116330511048884,0.227965670561732,1,0.9,0.6,0.95,0,0,0,1,1,1000,8000,41000,5e+05,15000,1000,5000,141000,712000
"476",40,"shad","current",0.120067386085784,0.120067386085784,0.244689643567331,1,0.7,0.9,0.9,0,0,0,1,1,3000,34000,89000,390000,36000,2000,14000,126000,694000
"477",40,"shad","current",0.139430662849318,0.139430662849318,0.158372861645379,1,0.6,0.8,1,0,0,0,1,1,10000,170000,150000,650000,40000,0,0,1e+05,1120000
"478",40,"shad","current",0.130310447801341,0.130310447801341,0.178899513170368,1,0.3,0.8,0.95,0,0,0,1,1,0,130000,230000,470000,70000,0,30000,50000,980000
"479",40,"shad","current",0.0876779892534825,0.0876779892534825,0.298608954981108,1,0.4,0.7,1,0,0,0,1,1,10000,30000,1e+05,980000,50000,0,0,3e+05,1470000
"480",40,"shad","current",0.106013461077907,0.106013461077907,0.22127680335759,1,0.5,0.8,0.9,0,0,0,1,1,1000,5000,32000,696000,16000,0,5000,177000,932000
"481",40,"shad","current",0.109704244361729,0.109704244361729,0.276953296908184,1,0.1,0.9,1,0,0,0,1,1,205000,310000,120000,53000,66000,0,1000,3000,758000
"482",40,"shad","current",0.0858724538930439,0.0858724538930439,0.247140702486297,1,0.8,0.5,1,0,0,0,1,1,1000,20000,67000,545000,42000,1000,4000,153000,833000
"483",40,"shad","current",0.0746529925618635,0.0746529925618635,0.253252851290416,1,0.4,1,1,0,0,0,1,1,50000,210000,250000,570000,160000,10000,20000,160000,1430000
"484",40,"shad","current",0.110625543438937,0.110625543438937,0.220519590599271,1,1,0.7,0.95,0,0,0,1,1,2000,23000,66000,520000,27000,2000,9000,124000,773000
"485",40,"shad","current",0.0790411968886723,0.0790411968886723,0.241939496483068,1,0.8,1,0.9,0,0,0,1,1,30000,20000,160000,630000,20000,0,10000,230000,1100000
"486",40,"shad","current",0.144262968708468,0.144262968708468,0.238308307855465,1,0.5,0.5,0.9,0,0,0,1,1,4000,20000,80000,338000,37000,0,13000,71000,563000
"487",40,"shad","current",0.099732129104528,0.099732129104528,0.245224681876217,1,0.2,0.5,0.9,0,0,0,1,1,25000,108000,203000,249000,85000,0,23000,36000,729000
"488",40,"shad","current",0.086332351200399,0.086332351200399,0.195563394429142,1,0.1,0.7,0.95,0,0,0,1,1,142000,229000,111000,55000,39000,0,1000,1000,578000
"489",40,"shad","current",0.107201810239119,0.107201810239119,0.189613805056751,1,0.1,0.9,0.95,0,0,0,1,1,188000,312000,118000,38000,46000,0,3000,2000,707000
"490",40,"shad","current",0.132996719545881,0.132996719545881,0.282568647510151,1,0.6,1,0.95,0,0,0,1,1,40000,1e+05,2e+05,740000,70000,0,50000,180000,1380000
"491",40,"shad","current",0.090144010972552,0.090144010972552,0.248164568430482,1,0.9,0.9,0.95,0,0,0,1,1,10000,30000,2e+05,580000,60000,10000,30000,2e+05,1120000
"492",40,"shad","current",0.124103856211458,0.124103856211458,0.245841622120144,1,0.1,0.9,0.9,0,0,0,1,1,161000,232000,84000,35000,33000,0,1000,1000,547000
"493",40,"shad","current",0.139549311001771,0.139549311001771,0.223991520771884,1,0,0.6,0.95,0,0,0,1,1,119000,12000,0,0,0,0,0,0,131000
"494",40,"shad","current",0.121615883246854,0.121615883246854,0.249189153517782,1,0,0.5,0.95,0,0,0,1,1,111000,10000,0,0,0,0,0,0,121000
"495",40,"shad","current",0.0802114625672801,0.0802114625672801,0.228107459646496,1,0.2,0.7,0.95,0,0,0,1,1,52000,174000,170000,210000,76000,0,20000,15000,717000
"496",40,"shad","current",0.100290470317537,0.100290470317537,0.279206035524165,1,0,0.5,0.9,0,0,0,1,1,98000,7000,0,0,0,0,0,0,105000
"497",40,"shad","current",0.110401066962411,0.110401066962411,0.216666215358898,1,0.2,0.5,0.9,0,0,0,1,1,62000,140000,184000,179000,62000,0,13000,25000,665000
"498",40,"shad","current",0.121469861296715,0.121469861296715,0.225616572558147,1,0.7,0.5,1,0,0,0,1,1,10000,140000,220000,420000,90000,0,20000,1e+05,1e+06
"499",40,"shad","current",0.125503987598182,0.125503987598182,0.210582595121336,1,0.5,1,1,0,0,0,1,1,70000,250000,310000,740000,180000,0,50000,90000,1690000
"500",40,"shad","current",0.10337416223782,0.10337416223782,0.253580942261725,1,0.2,0.6,0.95,0,0,0,1,1,70000,248000,184000,194000,116000,0,7000,17000,836000
